ea_code,stratum_code,stratum_name,lga_name,ward_name,settlement_type,households_census_2023,cluster_id,selected,stage1_selection_probability,stratum_total_households,clusters_selected_in_stratum,households_listed_fieldwork,field_status
EA00001,ST01,Bansara State,Yobrima,Enwwadu,Rural,33,,0,,,,,
EA00002,ST01,Bansara State,Binmata,Adanuyi,Rural,166,,0,,,,,
EA00003,ST01,Bansara State,Durdusa,Gwatisa,Rural,83,,0,,,,,
EA00004,ST01,Bansara State,Dunmina,Katkoma,Rural,69,,0,,,,,
EA00005,ST01,Bansara State,Jatzawo,Gomnatu,Rural,253,C002,1,0.18289157,41500.0,30.0,287.0,Visited as selected
EA00006,ST01,Bansara State,Kusnuma,Gwasadu,Urban,140,,0,,,,,
EA00007,ST01,Bansara State,Fumzasa,Yenduba,Urban,340,C003,1,0.24578313,41500.0,30.0,226.0,Visited as selected
EA00008,ST01,Bansara State,Supkoshi,Enwjiwa,Rural,43,,0,,,,,
EA00009,ST01,Bansara State,Marbeta,Okotiru,Urban,211,C013,1,0.15253012,41500.0,30.0,196.0,Visited as selected
EA00010,ST01,Bansara State,Tivkori,Ngeyoru,Rural,72,,0,,,,,
EA00011,ST01,Bansara State,Ekizami,Ngengowo,Urban,223,,0,,,,,
EA00012,ST01,Bansara State,Gwatina,Rivtsisa,Rural,146,,0,,,,,
EA00013,ST01,Bansara State,Katriwa,Kusyoshi,Rural,49,,0,,,,,
EA00014,ST01,Bansara State,Olotsimi,Baulusa,Rural,179,,0,,,,,
EA00015,ST01,Bansara State,Yobrima,Zartile,Urban,158,,0,,,,,
EA00016,ST01,Bansara State,Binmata,Enwsata,Rural,137,,0,,,,,
EA00017,ST01,Bansara State,Durdusa,Soknami,Rural,50,,0,,,,,
EA00018,ST01,Bansara State,Dunmina,Barride,Rural,75,,0,,,,,
EA00019,ST01,Bansara State,Jatzawo,Aguluwa,Urban,229,,0,,,,,
EA00020,ST01,Bansara State,Kusnuma,Tivdushi,Rural,118,,0,,,,,
EA00021,ST01,Bansara State,Fumzasa,Umowale,Rural,144,,0,,,,,
EA00022,ST01,Bansara State,Supkoshi,Durmiba,Rural,119,C016,1,0.0860241,41500.0,30.0,193.0,Visited as selected
EA00023,ST01,Bansara State,Marbeta,Uzushani,Rural,143,,0,,,,,
EA00024,ST01,Bansara State,Tivkori,Shangodu,Urban,172,C022,1,0.12433735,41500.0,30.0,197.0,Visited as selected
EA00025,ST01,Bansara State,Ekizami,Tantsimi,Rural,120,,0,,,,,
EA00026,ST01,Bansara State,Gwatina,Plangosa,Rural,81,,0,,,,,
EA00027,ST01,Bansara State,Katriwa,Ekitsiyi,Rural,27,,0,,,,,
EA00028,ST01,Bansara State,Olotsimi,Ngetiri,Urban,205,,0,,,,,
EA00029,ST01,Bansara State,Yobrima,Rivkona,Rural,87,,0,,,,,
EA00030,ST01,Bansara State,Binmata,Halrisa,Rural,60,,0,,,,,
EA00031,ST01,Bansara State,Durdusa,Tivjija,Urban,93,,0,,,,,
EA00032,ST01,Bansara State,Dunmina,Bauyomi,Rural,37,,0,,,,,
EA00033,ST01,Bansara State,Jatzawo,Plazata,Rural,72,,0,,,,,
EA00034,ST01,Bansara State,Kusnuma,Jatrani,Rural,239,,0,,,,,
EA00035,ST01,Bansara State,Fumzasa,Uzungole,Rural,51,,0,,,,,
EA00036,ST01,Bansara State,Supkoshi,Adatsita,Urban,115,,0,,,,,
EA00037,ST01,Bansara State,Marbeta,Ngewali,Rural,84,,0,,,,,
EA00038,ST01,Bansara State,Tivkori,Adawama,Urban,179,,0,,,,,
EA00039,ST01,Bansara State,Ekizami,Durmishi,Rural,61,,0,,,,,
EA00040,ST01,Bansara State,Gwatina,Ololushi,Rural,125,C009,1,0.09036145,41500.0,30.0,126.0,Visited as selected
EA00041,ST01,Bansara State,Katriwa,Umosawo,Rural,151,,0,,,,,
EA00042,ST01,Bansara State,Olotsimi,Marmiwo,Rural,77,,0,,,,,
EA00043,ST01,Bansara State,Yobrima,Zartsiri,Rural,117,C010,1,0.08457831,41500.0,30.0,441.0,Visited as selected
EA00044,ST01,Bansara State,Binmata,Yenrali,Urban,158,C027,1,0.11421687,41500.0,30.0,262.0,Visited as selected
EA00045,ST01,Bansara State,Durdusa,Enwbeyi,Rural,88,,0,,,,,
EA00046,ST01,Bansara State,Dunmina,Okoyowo,Urban,149,,0,,,,,
EA00047,ST01,Bansara State,Jatzawo,Gomtitu,Rural,98,,0,,,,,
EA00048,ST01,Bansara State,Kusnuma,Benmili,Rural,159,,0,,,,,
EA00049,ST01,Bansara State,Fumzasa,Jatduwo,Rural,75,,0,,,,,
EA00050,ST01,Bansara State,Supkoshi,Gwabeja,Rural,95,,0,,,,,
EA00051,ST01,Bansara State,Marbeta,Fumriwa,Rural,87,,0,,,,,
EA00052,ST01,Bansara State,Tivkori,Halratu,Rural,39,,0,,,,,
EA00053,ST01,Bansara State,Ekizami,Adawale,Rural,46,,0,,,,,
EA00054,ST01,Bansara State,Gwatina,Tanjiwo,Rural,134,,0,,,,,
EA00055,ST01,Bansara State,Katriwa,Tivsana,Urban,61,,0,,,,,
EA00056,ST01,Bansara State,Olotsimi,Oloriko,Rural,36,,0,,,,,
EA00057,ST01,Bansara State,Yobrima,Adarari,Rural,48,,0,,,,,
EA00058,ST01,Bansara State,Binmata,Gwakode,Rural,56,,0,,,,,
EA00059,ST01,Bansara State,Durdusa,Agunade,Rural,117,,0,,,,,
EA00060,ST01,Bansara State,Dunmina,Wudjisa,Urban,270,C004,1,0.19518072,41500.0,30.0,291.0,Visited as selected
EA00061,ST01,Bansara State,Jatzawo,Hallumi,Urban,151,,0,,,,,
EA00062,ST01,Bansara State,Kusnuma,Umongoma,Urban,265,,0,,,,,
EA00063,ST01,Bansara State,Fumzasa,Durmitu,Rural,85,,0,,,,,
EA00064,ST01,Bansara State,Supkoshi,Nakyomi,Rural,93,,0,,,,,
EA00065,ST01,Bansara State,Marbeta,Binmiwa,Urban,234,,0,,,,,
EA00066,ST01,Bansara State,Tivkori,Adamawa,Rural,152,C005,1,0.10987952,41500.0,30.0,178.0,Visited as selected
EA00067,ST01,Bansara State,Ekizami,Olobema,Rural,52,,0,,,,,
EA00068,ST01,Bansara State,Gwatina,Yenmawo,Rural,48,,0,,,,,
EA00069,ST01,Bansara State,Katriwa,Sokngona,Rural,206,,0,,,,,
EA00070,ST01,Bansara State,Olotsimi,Wudwako,Rural,117,,0,,,,,
EA00071,ST01,Bansara State,Yobrima,Adarina,Rural,80,,0,,,,,
EA00072,ST01,Bansara State,Binmata,Tivngoni,Rural,66,,0,,,,,
EA00073,ST01,Bansara State,Durdusa,Benrale,Rural,26,,0,,,,,
EA00074,ST01,Bansara State,Dunmina,Gomnuwo,Rural,58,,0,,,,,
EA00075,ST01,Bansara State,Jatzawo,Agubele,Rural,66,,0,,,,,
EA00076,ST01,Bansara State,Kusnuma,Tanwawo,Rural,156,,0,,,,,
EA00077,ST01,Bansara State,Fumzasa,Okobeba,Rural,99,,0,,,,,
EA00078,ST01,Bansara State,Supkoshi,Dunjiwo,Rural,66,,0,,,,,
EA00079,ST01,Bansara State,Marbeta,Supjita,Urban,349,,0,,,,,
EA00080,ST01,Bansara State,Tivkori,Ngeshali,Rural,33,,0,,,,,
EA00081,ST01,Bansara State,Ekizami,Gommawo,Urban,138,,0,,,,,
EA00082,ST01,Bansara State,Gwatina,Barbetu,Urban,133,,0,,,,,
EA00083,ST01,Bansara State,Katriwa,Fumngoba,Urban,127,,0,,,,,
EA00084,ST01,Bansara State,Olotsimi,Nakkori,Rural,76,,0,,,,,
EA00085,ST01,Bansara State,Yobrima,Pladuwo,Urban,100,,0,,,,,
EA00086,ST01,Bansara State,Binmata,Okolama,Rural,130,,0,,,,,
EA00087,ST01,Bansara State,Durdusa,Fumbena,Urban,228,,0,,,,,
EA00088,ST01,Bansara State,Dunmina,Baulatu,Rural,146,,0,,,,,
EA00089,ST01,Bansara State,Jatzawo,Dunrade,Rural,163,,0,,,,,
EA00090,ST01,Bansara State,Kusnuma,Enwyole,Urban,162,,0,,,,,
EA00091,ST01,Bansara State,Fumzasa,Adamaja,Urban,246,,0,,,,,
EA00092,ST01,Bansara State,Supkoshi,Benmasa,Rural,134,C006,1,0.09686747,41500.0,30.0,177.0,Visited as selected
EA00093,ST01,Bansara State,Marbeta,Uzumili,Rural,59,,0,,,,,
EA00094,ST01,Bansara State,Tivkori,Umojiko,Rural,25,,0,,,,,
EA00095,ST01,Bansara State,Ekizami,Ibimija,Rural,74,C021,1,0.05349398,41500.0,30.0,58.0,Visited as selected
EA00096,ST01,Bansara State,Gwatina,Dunmayi,Rural,29,,0,,,,,
EA00097,ST01,Bansara State,Katriwa,Supwale,Rural,115,,0,,,,,
EA00098,ST01,Bansara State,Olotsimi,Gomngomi,Rural,153,,0,,,,,
EA00099,ST01,Bansara State,Yobrima,Jatrili,Urban,155,,0,,,,,
EA00100,ST01,Bansara State,Binmata,Nakraja,Rural,115,,0,,,,,
EA00101,ST01,Bansara State,Durdusa,Jatlaba,Urban,88,,0,,,,,
EA00102,ST01,Bansara State,Dunmina,Uzungoru,Rural,44,,0,,,,,
EA00103,ST01,Bansara State,Jatzawo,Gwatsija,Rural,162,,0,,,,,
EA00104,ST01,Bansara State,Kusnuma,Plabesa,Rural,118,,0,,,,,
EA00105,ST01,Bansara State,Fumzasa,Fumrari,Rural,48,,0,,,,,
EA00106,ST01,Bansara State,Supkoshi,Rivzami,Rural,93,,0,,,,,
EA00107,ST01,Bansara State,Marbeta,Plazayi,Rural,108,,0,,,,,
EA00108,ST01,Bansara State,Tivkori,Ngemale,Rural,121,,0,,,,,
EA00109,ST01,Bansara State,Ekizami,Supbeshi,Rural,65,,0,,,,,
EA00110,ST01,Bansara State,Gwatina,Kustsili,Urban,256,,0,,,,,
EA00111,ST01,Bansara State,Katriwa,Supzata,Rural,86,,0,,,,,
EA00112,ST01,Bansara State,Olotsimi,Yentsitu,Rural,109,,0,,,,,
EA00113,ST01,Bansara State,Yobrima,Lomlasa,Rural,130,,0,,,,,
EA00114,ST01,Bansara State,Binmata,Barnuli,Urban,46,,0,,,,,
EA00115,ST01,Bansara State,Durdusa,Kuszayi,Rural,131,,0,,,,,
EA00116,ST01,Bansara State,Dunmina,Tivshana,Rural,36,,0,,,,,
EA00117,ST01,Bansara State,Jatzawo,Okolaja,Rural,96,,0,,,,,
EA00118,ST01,Bansara State,Kusnuma,Lomsari,Rural,393,,0,,,,,
EA00119,ST01,Bansara State,Fumzasa,Barjiru,Rural,160,,0,,,,,
EA00120,ST01,Bansara State,Supkoshi,Gwayota,Rural,158,,0,,,,,
EA00121,ST01,Bansara State,Marbeta,Tanyoja,Rural,48,,0,,,,,
EA00122,ST01,Bansara State,Tivkori,Olongole,Urban,126,,0,,,,,
EA00123,ST01,Bansara State,Ekizami,Yentisa,Rural,25,,0,,,,,
EA00124,ST01,Bansara State,Gwatina,Binngodu,Rural,66,,0,,,,,
EA00125,ST01,Bansara State,Katriwa,Fumnali,Rural,92,,0,,,,,
EA00126,ST01,Bansara State,Olotsimi,Kusnuni,Rural,118,,0,,,,,
EA00127,ST01,Bansara State,Yobrima,Jatzashi,Rural,147,,0,,,,,
EA00128,ST01,Bansara State,Binmata,Maryona,Urban,153,,0,,,,,
EA00129,ST01,Bansara State,Durdusa,Plashari,Urban,219,,0,,,,,
EA00130,ST01,Bansara State,Dunmina,Plajiwa,Rural,105,,0,,,,,
EA00131,ST01,Bansara State,Jatzawo,Benmari,Rural,53,,0,,,,,
EA00132,ST01,Bansara State,Kusnuma,Olorile,Urban,64,,0,,,,,
EA00133,ST01,Bansara State,Fumzasa,Uzujiru,Urban,174,,0,,,,,
EA00134,ST01,Bansara State,Supkoshi,Lomngowo,Urban,123,,0,,,,,
EA00135,ST01,Bansara State,Marbeta,Barngodu,Rural,54,,0,,,,,
EA00136,ST01,Bansara State,Tivkori,Plangotu,Rural,70,,0,,,,,
EA00137,ST01,Bansara State,Ekizami,Zarmayi,Rural,42,,0,,,,,
EA00138,ST01,Bansara State,Gwatina,Benjiyi,Rural,88,,0,,,,,
EA00139,ST01,Bansara State,Katriwa,Baubemi,Urban,323,,0,,,,,
EA00140,ST01,Bansara State,Olotsimi,Binluwo,Urban,267,,0,,,,,
EA00141,ST01,Bansara State,Yobrima,Katyona,Rural,47,,0,,,,,
EA00142,ST01,Bansara State,Binmata,Katmima,Rural,28,,0,,,,,
EA00143,ST01,Bansara State,Durdusa,Supsami,Rural,75,C017,1,0.05421687,41500.0,30.0,90.0,Visited as selected
EA00144,ST01,Bansara State,Dunmina,Yenraru,Rural,96,C025,1,0.06939759,41500.0,30.0,95.0,Visited as selected
EA00145,ST01,Bansara State,Jatzawo,Ekinuko,Rural,124,,0,,,,,
EA00146,ST01,Bansara State,Kusnuma,Ibilama,Rural,92,,0,,,,,
EA00147,ST01,Bansara State,Fumzasa,Gwalule,Rural,137,,0,,,,,
EA00148,ST01,Bansara State,Supkoshi,Benriru,Urban,216,,0,,,,,
EA00149,ST01,Bansara State,Marbeta,Shatsidu,Rural,25,,0,,,,,
EA00150,ST01,Bansara State,Tivkori,Tannami,Rural,101,,0,,,,,
EA00151,ST01,Bansara State,Ekizami,Agutsimi,Rural,177,,0,,,,,
EA00152,ST01,Bansara State,Gwatina,Ekingota,Rural,100,,0,,,,,
EA00153,ST01,Bansara State,Katriwa,Oloyowa,Rural,123,,0,,,,,
EA00154,ST01,Bansara State,Olotsimi,Bauzasa,Rural,65,,0,,,,,
EA00155,ST01,Bansara State,Yobrima,Barzaja,Rural,168,,0,,,,,
EA00156,ST01,Bansara State,Binmata,Kusngotu,Rural,265,,0,,,,,
EA00157,ST01,Bansara State,Durdusa,Uzubemi,Rural,177,,0,,,,,
EA00158,ST01,Bansara State,Dunmina,Kalbeko,Urban,63,,0,,,,,
EA00159,ST01,Bansara State,Jatzawo,Ekijiwo,Rural,84,,0,,,,,
EA00160,ST01,Bansara State,Kusnuma,Durmima,Rural,95,,0,,,,,
EA00161,ST01,Bansara State,Fumzasa,Naktside,Rural,100,,0,,,,,
EA00162,ST01,Bansara State,Supkoshi,Yensama,Rural,122,,0,,,,,
EA00163,ST01,Bansara State,Marbeta,Barwata,Rural,67,,0,,,,,
EA00164,ST01,Bansara State,Tivkori,Adaritu,Rural,46,,0,,,,,
EA00165,ST01,Bansara State,Ekizami,Ibishale,Rural,161,,0,,,,,
EA00166,ST01,Bansara State,Gwatina,Shasaja,Rural,98,,0,,,,,
EA00167,ST01,Bansara State,Katriwa,Lomyowa,Rural,95,,0,,,,,
EA00168,ST01,Bansara State,Olotsimi,Ekikoba,Rural,209,,0,,,,,
EA00169,ST01,Bansara State,Yobrima,Zarkota,Rural,32,,0,,,,,
EA00170,ST01,Bansara State,Binmata,Adayoru,Rural,71,,0,,,,,
EA00171,ST01,Bansara State,Durdusa,Barzari,Rural,60,C019,1,0.04337349,41500.0,30.0,78.0,Visited as selected
EA00172,ST01,Bansara State,Dunmina,Zarmawa,Urban,122,,0,,,,,
EA00173,ST01,Bansara State,Jatzawo,Ibiwani,Rural,141,C015,1,0.10192771,41500.0,30.0,168.0,Visited as selected
EA00174,ST01,Bansara State,Kusnuma,Suplana,Rural,30,,0,,,,,
EA00175,ST01,Bansara State,Fumzasa,Suptitu,Rural,173,,0,,,,,
EA00176,ST01,Bansara State,Supkoshi,Yobnude,Urban,184,,0,,,,,
EA00177,ST01,Bansara State,Marbeta,Ngetsitu,Rural,177,,0,,,,,
EA00178,ST01,Bansara State,Tivkori,Shawaru,Rural,42,,0,,,,,
EA00179,ST01,Bansara State,Ekizami,Naknana,Rural,100,,0,,,,,
EA00180,ST01,Bansara State,Gwatina,Sokjili,Urban,138,C011,1,0.09975904,41500.0,30.0,127.0,Visited as selected
EA00181,ST01,Bansara State,Katriwa,Irakoshi,Rural,129,,0,,,,,
EA00182,ST01,Bansara State,Olotsimi,Bentishi,Rural,164,C018,1,0.11855422,41500.0,30.0,159.0,Visited as selected
EA00183,ST01,Bansara State,Yobrima,Shariba,Rural,180,,0,,,,,
EA00184,ST01,Bansara State,Binmata,Supsali,Urban,125,,0,,,,,
EA00185,ST01,Bansara State,Durdusa,Wudkoni,Rural,50,,0,,,,,
EA00186,ST01,Bansara State,Dunmina,Fumrama,Rural,107,,0,,,,,
EA00187,ST01,Bansara State,Jatzawo,Gwakodu,Rural,65,,0,,,,,
EA00188,ST01,Bansara State,Kusnuma,Halyori,Rural,75,,0,,,,,
EA00189,ST01,Bansara State,Fumzasa,Dunraru,Rural,54,,0,,,,,
EA00190,ST01,Bansara State,Supkoshi,Tivnana,Rural,124,,0,,,,,
EA00191,ST01,Bansara State,Marbeta,Enwrina,Urban,271,,0,,,,,
EA00192,ST01,Bansara State,Tivkori,Zarshari,Rural,45,,0,,,,,
EA00193,ST01,Bansara State,Ekizami,Adatile,Rural,68,,0,,,,,
EA00194,ST01,Bansara State,Gwatina,Supnusa,Rural,146,,0,,,,,
EA00195,ST01,Bansara State,Katriwa,Lomlaba,Rural,149,,0,,,,,
EA00196,ST01,Bansara State,Olotsimi,Kusluja,Rural,105,,0,,,,,
EA00197,ST01,Bansara State,Yobrima,Jatjita,Rural,92,,0,,,,,
EA00198,ST01,Bansara State,Binmata,Adajiru,Rural,97,,0,,,,,
EA00199,ST01,Bansara State,Durdusa,Kalnuru,Rural,91,,0,,,,,
EA00200,ST01,Bansara State,Dunmina,Ekitija,Urban,70,,0,,,,,
EA00201,ST01,Bansara State,Jatzawo,Tanngoni,Rural,167,,0,,,,,
EA00202,ST01,Bansara State,Kusnuma,Yentini,Rural,120,,0,,,,,
EA00203,ST01,Bansara State,Fumzasa,Supnatu,Urban,137,,0,,,,,
EA00204,ST01,Bansara State,Supkoshi,Rivtsiwa,Rural,88,,0,,,,,
EA00205,ST01,Bansara State,Marbeta,Marsata,Rural,62,,0,,,,,
EA00206,ST01,Bansara State,Tivkori,Irajile,Urban,117,,0,,,,,
EA00207,ST01,Bansara State,Ekizami,Benluba,Rural,58,,0,,,,,
EA00208,ST01,Bansara State,Gwatina,Bentsimi,Rural,76,,0,,,,,
EA00209,ST01,Bansara State,Katriwa,Enwsade,Urban,284,,0,,,,,
EA00210,ST01,Bansara State,Olotsimi,Agujina,Rural,90,,0,,,,,
EA00211,ST01,Bansara State,Yobrima,Binduma,Rural,124,,0,,,,,
EA00212,ST01,Bansara State,Binmata,Umowashi,Rural,75,,0,,,,,
EA00213,ST01,Bansara State,Durdusa,Plarale,Urban,201,C012,1,0.1453012,41500.0,30.0,273.0,Visited as selected
EA00214,ST01,Bansara State,Dunmina,Agumani,Rural,180,,0,,,,,
EA00215,ST01,Bansara State,Jatzawo,Rivriko,Urban,147,,0,,,,,
EA00216,ST01,Bansara State,Kusnuma,Aguladu,Rural,60,,0,,,,,
EA00217,ST01,Bansara State,Fumzasa,Benmama,Rural,164,,0,,,,,
EA00218,ST01,Bansara State,Supkoshi,Nakshaja,Rural,81,,0,,,,,
EA00219,ST01,Bansara State,Marbeta,Bautiba,Rural,107,,0,,,,,
EA00220,ST01,Bansara State,Tivkori,Okoduko,Rural,66,,0,,,,,
EA00221,ST01,Bansara State,Ekizami,Rivtili,Urban,261,,0,,,,,
EA00222,ST01,Bansara State,Gwatina,Marjini,Urban,140,,0,,,,,
EA00223,ST01,Bansara State,Katriwa,Lomwami,Rural,64,,0,,,,,
EA00224,ST01,Bansara State,Olotsimi,Martsile,Urban,49,,0,,,,,
EA00225,ST01,Bansara State,Yobrima,Supkoyi,Rural,40,,0,,,,,
EA00226,ST01,Bansara State,Binmata,Olotitu,Rural,84,,0,,,,,
EA00227,ST01,Bansara State,Durdusa,Halriko,Rural,119,,0,,,,,
EA00228,ST01,Bansara State,Dunmina,Bennuna,Urban,400,,0,,,,,
EA00229,ST01,Bansara State,Jatzawo,Ngerayi,Rural,72,,0,,,,,
EA00230,ST01,Bansara State,Kusnuma,Ekingowa,Rural,214,,0,,,,,
EA00231,ST01,Bansara State,Fumzasa,Duryota,Rural,62,,0,,,,,
EA00232,ST01,Bansara State,Supkoshi,Suptidu,Rural,88,,0,,,,,
EA00233,ST01,Bansara State,Marbeta,Kalwari,Rural,93,,0,,,,,
EA00234,ST01,Bansara State,Tivkori,Tivnawa,Rural,125,,0,,,,,
EA00235,ST01,Bansara State,Ekizami,Tannata,Rural,57,,0,,,,,
EA00236,ST01,Bansara State,Gwatina,Durrani,Rural,165,,0,,,,,
EA00237,ST01,Bansara State,Katriwa,Gwabewa,Rural,102,,0,,,,,
EA00238,ST01,Bansara State,Olotsimi,Tanngomi,Urban,196,,0,,,,,
EA00239,ST01,Bansara State,Yobrima,Dunngoshi,Rural,159,,0,,,,,
EA00240,ST01,Bansara State,Binmata,Haltsiko,Rural,76,,0,,,,,
EA00241,ST01,Bansara State,Durdusa,Sharadu,Rural,126,,0,,,,,
EA00242,ST01,Bansara State,Dunmina,Marjimi,Rural,154,,0,,,,,
EA00243,ST01,Bansara State,Jatzawo,Jatyowo,Rural,138,,0,,,,,
EA00244,ST01,Bansara State,Kusnuma,Umojide,Rural,196,,0,,,,,
EA00245,ST01,Bansara State,Fumzasa,Planasa,Rural,94,,0,,,,,
EA00246,ST01,Bansara State,Supkoshi,Kallawo,Rural,63,,0,,,,,
EA00247,ST01,Bansara State,Marbeta,Kalwadu,Rural,225,,0,,,,,
EA00248,ST01,Bansara State,Tivkori,Umonuna,Urban,123,C020,1,0.08891566,41500.0,30.0,138.0,Visited as selected
EA00249,ST01,Bansara State,Ekizami,Dunnami,Rural,221,,0,,,,,
EA00250,ST01,Bansara State,Gwatina,Uzulawo,Rural,107,,0,,,,,
EA00251,ST01,Bansara State,Katriwa,Gwawaru,Rural,211,,0,,,,,
EA00252,ST01,Bansara State,Olotsimi,Gwakoko,Rural,56,,0,,,,,
EA00253,ST01,Bansara State,Yobrima,Bensawa,Rural,56,,0,,,,,
EA00254,ST01,Bansara State,Binmata,Yenlari,Rural,80,,0,,,,,
EA00255,ST01,Bansara State,Durdusa,Yentile,Rural,155,C029,1,0.11204819,41500.0,30.0,130.0,Visited as selected
EA00256,ST01,Bansara State,Dunmina,Benzashi,Rural,133,C030,1,0.09614458,41500.0,30.0,133.0,Visited as selected
EA00257,ST01,Bansara State,Jatzawo,Okozata,Rural,107,,0,,,,,
EA00258,ST01,Bansara State,Kusnuma,Yenwawa,Urban,300,,0,,,,,
EA00259,ST01,Bansara State,Fumzasa,Adamana,Urban,357,,0,,,,,
EA00260,ST01,Bansara State,Supkoshi,Tivtsiwo,Rural,76,,0,,,,,
EA00261,ST01,Bansara State,Marbeta,Zarmiru,Urban,219,,0,,,,,
EA00262,ST01,Bansara State,Tivkori,Umosako,Rural,96,,0,,,,,
EA00263,ST01,Bansara State,Ekizami,Adatisa,Urban,164,C024,1,0.11855422,41500.0,30.0,189.0,Visited as selected
EA00264,ST01,Bansara State,Gwatina,Iramishi,Rural,247,,0,,,,,
EA00265,ST01,Bansara State,Katriwa,Plakoko,Urban,48,,0,,,,,
EA00266,ST01,Bansara State,Olotsimi,Tivkode,Rural,92,,0,,,,,
EA00267,ST01,Bansara State,Yobrima,Naktsiba,Rural,116,,0,,,,,
EA00268,ST01,Bansara State,Binmata,Shayona,Rural,47,,0,,,,,
EA00269,ST01,Bansara State,Durdusa,Benshadu,Rural,211,,0,,,,,
EA00270,ST01,Bansara State,Dunmina,Yentitu,Rural,120,,0,,,,,
EA00271,ST01,Bansara State,Jatzawo,Fumrali,Rural,82,,0,,,,,
EA00272,ST01,Bansara State,Kusnuma,Katnawa,Rural,28,,0,,,,,
EA00273,ST01,Bansara State,Fumzasa,Gwangoshi,Rural,225,C008,1,0.1626506,41500.0,30.0,242.0,Visited as selected
EA00274,ST01,Bansara State,Supkoshi,Oloyoshi,Rural,132,,0,,,,,
EA00275,ST01,Bansara State,Marbeta,Ekinuba,Rural,102,,0,,,,,
EA00276,ST01,Bansara State,Tivkori,Dunmiyi,Rural,75,,0,,,,,
EA00277,ST01,Bansara State,Ekizami,Sokluma,Rural,192,,0,,,,,
EA00278,ST01,Bansara State,Gwatina,Gomnuli,Rural,52,,0,,,,,
EA00279,ST01,Bansara State,Katriwa,Fumshami,Rural,38,,0,,,,,
EA00280,ST01,Bansara State,Olotsimi,Zarnashi,Rural,107,,0,,,,,
EA00281,ST01,Bansara State,Yobrima,Gomwawa,Urban,105,,0,,,,,
EA00282,ST01,Bansara State,Binmata,Gwayowa,Urban,252,,0,,,,,
EA00283,ST01,Bansara State,Durdusa,Ngewaru,Rural,158,C026,1,0.11421687,41500.0,30.0,147.0,Visited as selected
EA00284,ST01,Bansara State,Dunmina,Katwale,Urban,229,C014,1,0.16554217,41500.0,30.0,119.0,Visited as selected
EA00285,ST01,Bansara State,Jatzawo,Rivmiwo,Rural,76,,0,,,,,
EA00286,ST01,Bansara State,Kusnuma,Bauyode,Rural,84,,0,,,,,
EA00287,ST01,Bansara State,Fumzasa,Wudyoma,Rural,137,,0,,,,,
EA00288,ST01,Bansara State,Supkoshi,Gomnaru,Rural,80,,0,,,,,
EA00289,ST01,Bansara State,Marbeta,Tivluru,Rural,68,,0,,,,,
EA00290,ST01,Bansara State,Tivkori,Adaluni,Rural,86,,0,,,,,
EA00291,ST01,Bansara State,Ekizami,Tanyoru,Rural,93,,0,,,,,
EA00292,ST01,Bansara State,Gwatina,Dunkole,Urban,239,,0,,,,,
EA00293,ST01,Bansara State,Katriwa,Halzaba,Rural,82,,0,,,,,
EA00294,ST01,Bansara State,Olotsimi,Yobmade,Rural,183,,0,,,,,
EA00295,ST01,Bansara State,Yobrima,Dunbeyi,Rural,247,,0,,,,,
EA00296,ST01,Bansara State,Binmata,Halrita,Rural,48,,0,,,,,
EA00297,ST01,Bansara State,Durdusa,Shatsile,Urban,152,,0,,,,,
EA00298,ST01,Bansara State,Dunmina,Haljili,Rural,132,,0,,,,,
EA00299,ST01,Bansara State,Jatzawo,Umotsishi,Rural,78,,0,,,,,
EA00300,ST01,Bansara State,Kusnuma,Naktsiwo,Rural,73,,0,,,,,
EA00301,ST01,Bansara State,Fumzasa,Umoritu,Rural,190,,0,,,,,
EA00302,ST01,Bansara State,Supkoshi,Yenshami,Urban,212,,0,,,,,
EA00303,ST01,Bansara State,Marbeta,Benkotu,Rural,93,,0,,,,,
EA00304,ST01,Bansara State,Tivkori,Tivrale,Rural,78,,0,,,,,
EA00305,ST01,Bansara State,Ekizami,Tanngotu,Rural,127,C007,1,0.09180723,41500.0,30.0,152.0,Visited as selected
EA00306,ST01,Bansara State,Gwatina,Fumladu,Rural,86,,0,,,,,
EA00307,ST01,Bansara State,Katriwa,Ekinashi,Rural,65,,0,,,,,
EA00308,ST01,Bansara State,Olotsimi,Fumjidu,Rural,129,C023,1,0.09325301,41500.0,30.0,151.0,Visited as selected
EA00309,ST01,Bansara State,Yobrima,Adashale,Rural,88,,0,,,,,
EA00310,ST01,Bansara State,Binmata,Olobede,Rural,101,,0,,,,,
EA00311,ST01,Bansara State,Durdusa,Yenyodu,Rural,138,,0,,,,,
EA00312,ST01,Bansara State,Dunmina,Benluma,Rural,139,,0,,,,,
EA00313,ST01,Bansara State,Jatzawo,Baununi,Rural,73,,0,,,,,
EA00314,ST01,Bansara State,Kusnuma,Marjishi,Rural,95,C028,1,0.0686747,41500.0,30.0,119.0,Visited as selected
EA00315,ST01,Bansara State,Fumzasa,Adadusa,Rural,111,,0,,,,,
EA00316,ST01,Bansara State,Supkoshi,Rivsari,Urban,66,,0,,,,,
EA00317,ST01,Bansara State,Marbeta,Okowawo,Rural,36,,0,,,,,
EA00318,ST01,Bansara State,Tivkori,Jattsima,Rural,130,,0,,,,,
EA00319,ST01,Bansara State,Ekizami,Katsali,Rural,168,,0,,,,,
EA00320,ST01,Bansara State,Gwatina,Okowawa,Urban,162,,0,,,,,
EA00321,ST01,Bansara State,Katriwa,Gomjiko,Urban,230,,0,,,,,
EA00322,ST01,Bansara State,Olotsimi,Kusriko,Rural,156,,0,,,,,
EA00323,ST01,Bansara State,Yobrima,Rivtiwa,Rural,42,,0,,,,,
EA00324,ST01,Bansara State,Binmata,Bauwawo,Rural,32,,0,,,,,
EA00325,ST01,Bansara State,Durdusa,Plamidu,Urban,240,,0,,,,,
EA00326,ST01,Bansara State,Dunmina,Umonami,Urban,253,,0,,,,,
EA00327,ST01,Bansara State,Jatzawo,Wudsade,Rural,73,,0,,,,,
EA00328,ST01,Bansara State,Kusnuma,Okorija,Rural,102,,0,,,,,
EA00329,ST01,Bansara State,Fumzasa,Agujimi,Rural,49,,0,,,,,
EA00330,ST01,Bansara State,Supkoshi,Barwaja,Urban,218,,0,,,,,
EA00331,ST01,Bansara State,Marbeta,Okoyowa,Rural,175,,0,,,,,
EA00332,ST01,Bansara State,Tivkori,Irazami,Rural,141,,0,,,,,
EA00333,ST01,Bansara State,Ekizami,Dunladu,Rural,112,,0,,,,,
EA00334,ST01,Bansara State,Gwatina,Barwama,Rural,72,,0,,,,,
EA00335,ST01,Bansara State,Katriwa,Katwari,Rural,206,,0,,,,,
EA00336,ST01,Bansara State,Olotsimi,Agunule,Rural,111,,0,,,,,
EA00337,ST01,Bansara State,Yobrima,Nakmaba,Urban,280,C001,1,0.20240964,41500.0,30.0,318.0,Visited as selected
EA00338,ST01,Bansara State,Binmata,Marshani,Rural,109,,0,,,,,
EA00339,ST01,Bansara State,Durdusa,Durngoshi,Rural,153,,0,,,,,
EA00340,ST01,Bansara State,Dunmina,Gomlari,Rural,119,,0,,,,,
EA00341,ST02,Kudama State,Dursashi,Gomnaba,Rural,80,,0,,,,,
EA00342,ST02,Kudama State,Olowawa,Kusngona,Rural,98,C046,1,0.0818235,35931.0,30.0,129.0,Visited as selected
EA00343,ST02,Kudama State,Dunzaja,Fumlale,Rural,81,,0,,,,,
EA00344,ST02,Kudama State,Adalari,Tivmata,Rural,71,,0,,,,,
EA00345,ST02,Kudama State,Yoblaja,Binmiko,Urban,156,,0,,,,,
EA00346,ST02,Kudama State,Sokwayi,Supbena,Rural,158,,0,,,,,
EA00347,ST02,Kudama State,Marshayi,Suptsili,Rural,103,,0,,,,,
EA00348,ST02,Kudama State,Zarkoshi,Jatkodu,Rural,106,,0,,,,,
EA00349,ST02,Kudama State,Ibitside,Rivnaru,Urban,107,,0,,,,,
EA00350,ST02,Kudama State,Plamami,Gomlutu,Rural,106,,0,,,,,
EA00351,ST02,Kudama State,Zarbeba,Gwakoni,Urban,117,,0,,,,,
EA00352,ST02,Kudama State,Zarlade,Kuswari,Rural,192,,0,,,,,
EA00353,ST02,Kudama State,Soknayi,Binluta,Urban,34,,0,,,,,
EA00354,ST02,Kudama State,Aguwayi,Uzumama,Rural,134,C031,1,0.11188111,35931.0,30.0,160.0,Visited as selected
EA00355,ST02,Kudama State,Dursashi,Kusbedu,Rural,103,,0,,,,,
EA00356,ST02,Kudama State,Olowawa,Yenbewa,Urban,242,C060,1,0.20205394,35931.0,30.0,183.0,Visited as selected
EA00357,ST02,Kudama State,Dunzaja,Ekiyotu,Rural,105,,0,,,,,
EA00358,ST02,Kudama State,Adalari,Kalrani,Rural,103,,0,,,,,
EA00359,ST02,Kudama State,Yoblaja,Yoblawo,Rural,128,,0,,,,,
EA00360,ST02,Kudama State,Sokwayi,Lomsaru,Rural,36,,0,,,,,
EA00361,ST02,Kudama State,Marshayi,Durmili,Rural,108,,0,,,,,
EA00362,ST02,Kudama State,Zarkoshi,Agulushi,Urban,218,C047,1,0.18201553,35931.0,30.0,230.0,Visited as selected
EA00363,ST02,Kudama State,Ibitside,Wudshasa,Rural,102,,0,,,,,
EA00364,ST02,Kudama State,Plamami,Yoblusa,Rural,96,,0,,,,,
EA00365,ST02,Kudama State,Zarbeba,Tivshako,Urban,105,,0,,,,,
EA00366,ST02,Kudama State,Zarlade,Gwayole,Rural,114,,0,,,,,
EA00367,ST02,Kudama State,Soknayi,Supsale,Rural,209,C055,1,0.17450113,35931.0,30.0,262.0,Visited as selected
EA00368,ST02,Kudama State,Aguwayi,Kalmayi,Rural,82,,0,,,,,
EA00369,ST02,Kudama State,Dursashi,Kussawa,Rural,55,,0,,,,,
EA00370,ST02,Kudama State,Olowawa,Fumtsidu,Rural,164,,0,,,,,
EA00371,ST02,Kudama State,Dunzaja,Halrayi,Rural,83,,0,,,,,
EA00372,ST02,Kudama State,Adalari,Agunuwa,Rural,95,,0,,,,,
EA00373,ST02,Kudama State,Yoblaja,Fumtsina,Urban,151,,0,,,,,
EA00374,ST02,Kudama State,Sokwayi,Supkoru,Rural,28,,0,,,,,
EA00375,ST02,Kudama State,Marshayi,Nakriyi,Rural,81,,0,,,,,
EA00376,ST02,Kudama State,Zarkoshi,Rivmiru,Rural,145,,0,,,,,
EA00377,ST02,Kudama State,Ibitside,Plaladu,Rural,130,,0,,,,,
EA00378,ST02,Kudama State,Plamami,Rivnuli,Urban,134,C044,1,0.11188111,35931.0,30.0,131.0,Visited as selected
EA00379,ST02,Kudama State,Zarbeba,Durmadu,Rural,61,,0,,,,,
EA00380,ST02,Kudama State,Zarlade,Katlaja,Rural,92,,0,,,,,
EA00381,ST02,Kudama State,Soknayi,Okobeta,Urban,109,,0,,,,,
EA00382,ST02,Kudama State,Aguwayi,Benjisa,Rural,73,,0,,,,,
EA00383,ST02,Kudama State,Dursashi,Plasasa,Rural,85,,0,,,,,
EA00384,ST02,Kudama State,Olowawa,Oloshari,Rural,104,,0,,,,,
EA00385,ST02,Kudama State,Dunzaja,Suplaba,Rural,139,,0,,,,,
EA00386,ST02,Kudama State,Adalari,Yobmija,Rural,99,,0,,,,,
EA00387,ST02,Kudama State,Yoblaja,Yobwari,Urban,89,,0,,,,,
EA00388,ST02,Kudama State,Sokwayi,Marrina,Urban,157,,0,,,,,
EA00389,ST02,Kudama State,Marshayi,Supkodu,Rural,76,,0,,,,,
EA00390,ST02,Kudama State,Zarkoshi,Irazani,Rural,142,,0,,,,,
EA00391,ST02,Kudama State,Ibitside,Gomkowa,Urban,117,,0,,,,,
EA00392,ST02,Kudama State,Plamami,Halnutu,Rural,267,C058,1,0.22292728,35931.0,30.0,380.0,"Replaced, original cluster inaccessible"
EA00393,ST02,Kudama State,Zarbeba,Binjiko,Rural,76,C057,1,0.06345496,35931.0,30.0,96.0,Visited as selected
EA00394,ST02,Kudama State,Zarlade,Haljile,Rural,145,,0,,,,,
EA00395,ST02,Kudama State,Soknayi,Zartsiwo,Rural,168,,0,,,,,
EA00396,ST02,Kudama State,Aguwayi,Wudmide,Rural,102,,0,,,,,
EA00397,ST02,Kudama State,Dursashi,Rivrata,Rural,74,,0,,,,,
EA00398,ST02,Kudama State,Olowawa,Umorayi,Rural,67,,0,,,,,
EA00399,ST02,Kudama State,Dunzaja,Umonuyi,Rural,25,,0,,,,,
EA00400,ST02,Kudama State,Adalari,Okomawa,Rural,223,C051,1,0.1861902,35931.0,30.0,272.0,Visited as selected
EA00401,ST02,Kudama State,Yoblaja,Sokluni,Rural,29,,0,,,,,
EA00402,ST02,Kudama State,Sokwayi,Agubema,Urban,54,,0,,,,,
EA00403,ST02,Kudama State,Marshayi,Dunjide,Rural,59,,0,,,,,
EA00404,ST02,Kudama State,Zarkoshi,Jatsayi,Rural,248,,0,,,,,
EA00405,ST02,Kudama State,Ibitside,Ibinuja,Rural,66,,0,,,,,
EA00406,ST02,Kudama State,Plamami,Dunlama,Rural,66,C034,1,0.05510562,35931.0,30.0,79.0,Visited as selected
EA00407,ST02,Kudama State,Zarbeba,Agunari,Urban,227,C036,1,0.18952993,35931.0,30.0,262.0,Visited as selected
EA00408,ST02,Kudama State,Zarlade,Yenyoba,Rural,198,,0,,,,,
EA00409,ST02,Kudama State,Soknayi,Lomjiru,Rural,66,,0,,,,,
EA00410,ST02,Kudama State,Aguwayi,Kuslumi,Rural,144,,0,,,,,
EA00411,ST02,Kudama State,Dursashi,Wudduri,Rural,67,C054,1,0.05594055,35931.0,30.0,88.0,Visited as selected
EA00412,ST02,Kudama State,Olowawa,Gwaduta,Rural,128,C039,1,0.1068715,35931.0,30.0,142.0,Visited as selected
EA00413,ST02,Kudama State,Dunzaja,Adayomi,Urban,198,,0,,,,,
EA00414,ST02,Kudama State,Adalari,Ekiyoko,Rural,134,,0,,,,,
EA00415,ST02,Kudama State,Yoblaja,Bauwasa,Rural,86,,0,,,,,
EA00416,ST02,Kudama State,Sokwayi,Halmaja,Rural,209,,0,,,,,
EA00417,ST02,Kudama State,Marshayi,Kusyori,Rural,162,,0,,,,,
EA00418,ST02,Kudama State,Zarkoshi,Halshawo,Urban,40,,0,,,,,
EA00419,ST02,Kudama State,Ibitside,Katnushi,Rural,65,,0,,,,,
EA00420,ST02,Kudama State,Plamami,Barngoli,Rural,172,,0,,,,,
EA00421,ST02,Kudama State,Zarbeba,Agumana,Rural,155,,0,,,,,
EA00422,ST02,Kudama State,Zarlade,Olotsiwa,Rural,118,,0,,,,,
EA00423,ST02,Kudama State,Soknayi,Ibimaba,Rural,76,,0,,,,,
EA00424,ST02,Kudama State,Aguwayi,Ekinade,Urban,151,,0,,,,,
EA00425,ST02,Kudama State,Dursashi,Adaduma,Rural,78,,0,,,,,
EA00426,ST02,Kudama State,Olowawa,Katshani,Urban,153,C040,1,0.12774484,35931.0,30.0,181.0,Visited as selected
EA00427,ST02,Kudama State,Dunzaja,Iranuyi,Rural,159,,0,,,,,
EA00428,ST02,Kudama State,Adalari,Fumrale,Rural,72,,0,,,,,
EA00429,ST02,Kudama State,Yoblaja,Lomshadu,Urban,83,,0,,,,,
EA00430,ST02,Kudama State,Sokwayi,Barjide,Rural,104,,0,,,,,
EA00431,ST02,Kudama State,Marshayi,Agunusa,Rural,112,,0,,,,,
EA00432,ST02,Kudama State,Zarkoshi,Binjima,Rural,63,,0,,,,,
EA00433,ST02,Kudama State,Ibitside,Dunnawa,Rural,35,,0,,,,,
EA00434,ST02,Kudama State,Plamami,Sokduna,Rural,187,,0,,,,,
EA00435,ST02,Kudama State,Zarbeba,Maryoko,Rural,199,,0,,,,,
EA00436,ST02,Kudama State,Zarlade,Adajile,Urban,105,,0,,,,,
EA00437,ST02,Kudama State,Soknayi,Baujiwo,Urban,147,,0,,,,,
EA00438,ST02,Kudama State,Aguwayi,Plariru,Rural,57,,0,,,,,
EA00439,ST02,Kudama State,Dursashi,Duryowo,Rural,132,,0,,,,,
EA00440,ST02,Kudama State,Olowawa,Tivzade,Rural,95,,0,,,,,
EA00441,ST02,Kudama State,Dunzaja,Barrata,Rural,125,,0,,,,,
EA00442,ST02,Kudama State,Adalari,Irabeyi,Rural,214,,0,,,,,
EA00443,ST02,Kudama State,Yoblaja,Agunuyi,Urban,152,,0,,,,,
EA00444,ST02,Kudama State,Sokwayi,Durngoru,Rural,63,,0,,,,,
EA00445,ST02,Kudama State,Marshayi,Katlawo,Rural,103,,0,,,,,
EA00446,ST02,Kudama State,Zarkoshi,Bardude,Urban,106,,0,,,,,
EA00447,ST02,Kudama State,Ibitside,Fumwata,Urban,94,,0,,,,,
EA00448,ST02,Kudama State,Plamami,Durnade,Rural,103,,0,,,,,
EA00449,ST02,Kudama State,Zarbeba,Gomsale,Urban,227,,0,,,,,
EA00450,ST02,Kudama State,Zarlade,Nakzaba,Rural,106,,0,,,,,
EA00451,ST02,Kudama State,Soknayi,Sokluru,Rural,53,,0,,,,,
EA00452,ST02,Kudama State,Aguwayi,Durdudu,Rural,82,,0,,,,,
EA00453,ST02,Kudama State,Dursashi,Benlule,Rural,141,,0,,,,,
EA00454,ST02,Kudama State,Olowawa,Tivduwa,Rural,65,,0,,,,,
EA00455,ST02,Kudama State,Dunzaja,Durnama,Rural,90,,0,,,,,
EA00456,ST02,Kudama State,Adalari,Tansama,Rural,79,,0,,,,,
EA00457,ST02,Kudama State,Yoblaja,Yenjiru,Urban,80,,0,,,,,
EA00458,ST02,Kudama State,Sokwayi,Ngebeba,Rural,71,,0,,,,,
EA00459,ST02,Kudama State,Marshayi,Umonuba,Rural,50,,0,,,,,
EA00460,ST02,Kudama State,Zarkoshi,Tanluni,Rural,118,,0,,,,,
EA00461,ST02,Kudama State,Ibitside,Tanmiba,Rural,214,,0,,,,,
EA00462,ST02,Kudama State,Plamami,Enwnade,Rural,40,,0,,,,,
EA00463,ST02,Kudama State,Zarbeba,Wudkodu,Rural,119,,0,,,,,
EA00464,ST02,Kudama State,Zarlade,Gwalaba,Urban,335,C052,1,0.27970276,35931.0,30.0,623.0,Visited as selected
EA00465,ST02,Kudama State,Soknayi,Tivsaja,Rural,132,,0,,,,,
EA00466,ST02,Kudama State,Aguwayi,Rivtiko,Urban,192,,0,,,,,
EA00467,ST02,Kudama State,Dursashi,Rivjija,Rural,64,,0,,,,,
EA00468,ST02,Kudama State,Olowawa,Gwadude,Urban,210,,0,,,,,
EA00469,ST02,Kudama State,Dunzaja,Fumnaru,Urban,180,,0,,,,,
EA00470,ST02,Kudama State,Adalari,Tanlale,Rural,167,,0,,,,,
EA00471,ST02,Kudama State,Yoblaja,Soknaru,Rural,25,,0,,,,,
EA00472,ST02,Kudama State,Sokwayi,Sokluwa,Rural,89,C033,1,0.07430909,35931.0,30.0,81.0,Visited as selected
EA00473,ST02,Kudama State,Marshayi,Tanmawo,Urban,153,,0,,,,,
EA00474,ST02,Kudama State,Zarkoshi,Benraja,Rural,140,,0,,,,,
EA00475,ST02,Kudama State,Ibitside,Marlari,Urban,237,,0,,,,,
EA00476,ST02,Kudama State,Plamami,Nakrawo,Urban,210,,0,,,,,
EA00477,ST02,Kudama State,Zarbeba,Fumtile,Rural,114,,0,,,,,
EA00478,ST02,Kudama State,Zarlade,Katyoja,Rural,187,,0,,,,,
EA00479,ST02,Kudama State,Soknayi,Adamama,Urban,75,,0,,,,,
EA00480,ST02,Kudama State,Aguwayi,Adaberu,Rural,57,,0,,,,,
EA00481,ST02,Kudama State,Dursashi,Adashade,Urban,205,,0,,,,,
EA00482,ST02,Kudama State,Olowawa,Tivrayi,Urban,98,,0,,,,,
EA00483,ST02,Kudama State,Dunzaja,Jatshata,Urban,176,,0,,,,,
EA00484,ST02,Kudama State,Adalari,Adabema,Urban,261,,0,,,,,
EA00485,ST02,Kudama State,Yoblaja,Aguluwo,Rural,97,C032,1,0.08098856,35931.0,30.0,68.0,Visited as selected
EA00486,ST02,Kudama State,Sokwayi,Agutsiwo,Rural,234,C045,1,0.19537447,35931.0,30.0,336.0,Visited as selected
EA00487,ST02,Kudama State,Marshayi,Jatzasa,Rural,65,,0,,,,,
EA00488,ST02,Kudama State,Zarkoshi,Wudshale,Rural,174,C038,1,0.14527845,35931.0,30.0,207.0,"Replaced, original cluster inaccessible"
EA00489,ST02,Kudama State,Ibitside,Tanduwo,Urban,116,,0,,,,,
EA00490,ST02,Kudama State,Plamami,Enwmitu,Rural,145,,0,,,,,
EA00491,ST02,Kudama State,Zarbeba,Tivshata,Rural,92,,0,,,,,
EA00492,ST02,Kudama State,Zarlade,Ngejile,Rural,58,,0,,,,,
EA00493,ST02,Kudama State,Soknayi,Binzaru,Rural,45,,0,,,,,
EA00494,ST02,Kudama State,Aguwayi,Katlutu,Rural,83,,0,,,,,
EA00495,ST02,Kudama State,Dursashi,Oloyomi,Rural,248,,0,,,,,
EA00496,ST02,Kudama State,Olowawa,Sokduyi,Urban,130,,0,,,,,
EA00497,ST02,Kudama State,Dunzaja,Iramisa,Rural,113,,0,,,,,
EA00498,ST02,Kudama State,Adalari,Tivtishi,Rural,210,,0,,,,,
EA00499,ST02,Kudama State,Yoblaja,Bautisa,Urban,45,,0,,,,,
EA00500,ST02,Kudama State,Sokwayi,Bausani,Rural,88,,0,,,,,
EA00501,ST02,Kudama State,Marshayi,Ibimawa,Rural,155,,0,,,,,
EA00502,ST02,Kudama State,Zarkoshi,Barwawo,Rural,112,,0,,,,,
EA00503,ST02,Kudama State,Ibitside,Wudbetu,Rural,98,,0,,,,,
EA00504,ST02,Kudama State,Plamami,Gomrawa,Rural,52,,0,,,,,
EA00505,ST02,Kudama State,Zarbeba,Suptita,Rural,129,C043,1,0.10770644,35931.0,30.0,128.0,Visited as selected
EA00506,ST02,Kudama State,Zarlade,Adadutu,Rural,45,,0,,,,,
EA00507,ST02,Kudama State,Soknayi,Okotsiba,Urban,132,,0,,,,,
EA00508,ST02,Kudama State,Aguwayi,Tivkoyi,Urban,107,,0,,,,,
EA00509,ST02,Kudama State,Dursashi,Katjiyi,Rural,151,,0,,,,,
EA00510,ST02,Kudama State,Olowawa,Planude,Rural,208,C041,1,0.17366619,35931.0,30.0,292.0,"Replaced, original cluster inaccessible"
EA00511,ST02,Kudama State,Dunzaja,Gwakowo,Urban,68,,0,,,,,
EA00512,ST02,Kudama State,Adalari,Tivluba,Rural,155,,0,,,,,
EA00513,ST02,Kudama State,Yoblaja,Kalbeba,Rural,50,,0,,,,,
EA00514,ST02,Kudama State,Sokwayi,Katsama,Rural,72,,0,,,,,
EA00515,ST02,Kudama State,Marshayi,Gomtija,Rural,100,,0,,,,,
EA00516,ST02,Kudama State,Zarkoshi,Fumrami,Rural,93,,0,,,,,
EA00517,ST02,Kudama State,Ibitside,Yenngowo,Rural,89,,0,,,,,
EA00518,ST02,Kudama State,Plamami,Dunrawo,Rural,25,,0,,,,,
EA00519,ST02,Kudama State,Zarbeba,Ibijita,Rural,34,,0,,,,,
EA00520,ST02,Kudama State,Zarlade,Binyori,Urban,118,,0,,,,,
EA00521,ST02,Kudama State,Soknayi,Kalwayi,Rural,52,,0,,,,,
EA00522,ST02,Kudama State,Aguwayi,Katbele,Rural,129,C042,1,0.10770644,35931.0,30.0,123.0,Visited as selected
EA00523,ST02,Kudama State,Dursashi,Bauduba,Rural,142,,0,,,,,
EA00524,ST02,Kudama State,Olowawa,Jatduni,Urban,227,,0,,,,,
EA00525,ST02,Kudama State,Dunzaja,Tantsiwo,Urban,64,,0,,,,,
EA00526,ST02,Kudama State,Adalari,Gwaluli,Rural,174,,0,,,,,
EA00527,ST02,Kudama State,Yoblaja,Zarngoru,Rural,93,,0,,,,,
EA00528,ST02,Kudama State,Sokwayi,Enwnuwo,Rural,145,,0,,,,,
EA00529,ST02,Kudama State,Marshayi,Ngewama,Rural,106,,0,,,,,
EA00530,ST02,Kudama State,Zarkoshi,Ekitsita,Urban,193,,0,,,,,
EA00531,ST02,Kudama State,Ibitside,Halkori,Rural,50,,0,,,,,
EA00532,ST02,Kudama State,Plamami,Olotsiru,Rural,114,,0,,,,,
EA00533,ST02,Kudama State,Zarbeba,Tanzaru,Urban,316,,0,,,,,
EA00534,ST02,Kudama State,Zarlade,Plawawa,Rural,42,,0,,,,,
EA00535,ST02,Kudama State,Soknayi,Katmawa,Rural,55,,0,,,,,
EA00536,ST02,Kudama State,Aguwayi,Ngetili,Rural,97,,0,,,,,
EA00537,ST02,Kudama State,Dursashi,Katmama,Rural,212,,0,,,,,
EA00538,ST02,Kudama State,Olowawa,Kusmima,Urban,274,,0,,,,,
EA00539,ST02,Kudama State,Dunzaja,Agusasa,Rural,105,,0,,,,,
EA00540,ST02,Kudama State,Adalari,Adamayi,Rural,67,,0,,,,,
EA00541,ST02,Kudama State,Yoblaja,Fumrisa,Rural,53,,0,,,,,
EA00542,ST02,Kudama State,Sokwayi,Tivmasa,Urban,214,C037,1,0.1786758,35931.0,30.0,222.0,Visited as selected
EA00543,ST02,Kudama State,Marshayi,Sharari,Rural,75,,0,,,,,
EA00544,ST02,Kudama State,Zarkoshi,Jatkoni,Rural,84,,0,,,,,
EA00545,ST02,Kudama State,Ibitside,Adaluru,Rural,91,,0,,,,,
EA00546,ST02,Kudama State,Plamami,Kalnumi,Rural,69,,0,,,,,
EA00547,ST02,Kudama State,Zarbeba,Ibitina,Rural,175,,0,,,,,
EA00548,ST02,Kudama State,Zarlade,Kusmami,Rural,203,,0,,,,,
EA00549,ST02,Kudama State,Soknayi,Oloduri,Rural,151,,0,,,,,
EA00550,ST02,Kudama State,Aguwayi,Durmari,Rural,64,,0,,,,,
EA00551,ST02,Kudama State,Dursashi,Durshade,Rural,189,,0,,,,,
EA00552,ST02,Kudama State,Olowawa,Bennawo,Rural,71,,0,,,,,
EA00553,ST02,Kudama State,Dunzaja,Kuswasa,Rural,64,,0,,,,,
EA00554,ST02,Kudama State,Adalari,Ibinaru,Rural,122,,0,,,,,
EA00555,ST02,Kudama State,Yoblaja,Ngerako,Rural,224,,0,,,,,
EA00556,ST02,Kudama State,Sokwayi,Benwawo,Rural,148,,0,,,,,
EA00557,ST02,Kudama State,Marshayi,Marngona,Rural,52,,0,,,,,
EA00558,ST02,Kudama State,Zarkoshi,Supsayi,Rural,93,,0,,,,,
EA00559,ST02,Kudama State,Ibitside,Agutsiri,Rural,107,,0,,,,,
EA00560,ST02,Kudama State,Plamami,Sokdutu,Rural,99,,0,,,,,
EA00561,ST02,Kudama State,Zarbeba,Tivlade,Rural,98,,0,,,,,
EA00562,ST02,Kudama State,Zarlade,Enwngodu,Rural,103,C050,1,0.08599816,35931.0,30.0,135.0,Visited as selected
EA00563,ST02,Kudama State,Soknayi,Gomlaba,Rural,61,,0,,,,,
EA00564,ST02,Kudama State,Aguwayi,Umoluba,Urban,252,,0,,,,,
EA00565,ST02,Kudama State,Dursashi,Shayoni,Rural,50,,0,,,,,
EA00566,ST02,Kudama State,Olowawa,Katlani,Urban,69,,0,,,,,
EA00567,ST02,Kudama State,Dunzaja,Durkoba,Rural,34,,0,,,,,
EA00568,ST02,Kudama State,Adalari,Wudtina,Rural,184,,0,,,,,
EA00569,ST02,Kudama State,Yoblaja,Jatduri,Rural,262,,0,,,,,
EA00570,ST02,Kudama State,Sokwayi,Dunrisa,Rural,70,,0,,,,,
EA00571,ST02,Kudama State,Marshayi,Shaluko,Rural,51,,0,,,,,
EA00572,ST02,Kudama State,Zarkoshi,Lomwashi,Rural,79,,0,,,,,
EA00573,ST02,Kudama State,Ibitside,Zarsawa,Urban,106,,0,,,,,
EA00574,ST02,Kudama State,Plamami,Fumzaja,Rural,33,,0,,,,,
EA00575,ST02,Kudama State,Zarbeba,Halngori,Rural,66,,0,,,,,
EA00576,ST02,Kudama State,Zarlade,Adaduwo,Rural,174,,0,,,,,
EA00577,ST02,Kudama State,Soknayi,Pladuja,Rural,140,,0,,,,,
EA00578,ST02,Kudama State,Aguwayi,Kussali,Rural,62,C053,1,0.05176588,35931.0,30.0,64.0,Visited as selected
EA00579,ST02,Kudama State,Dursashi,Uzutita,Rural,63,,0,,,,,
EA00580,ST02,Kudama State,Olowawa,Halngoru,Rural,54,,0,,,,,
EA00581,ST02,Kudama State,Dunzaja,Halshaja,Urban,213,,0,,,,,
EA00582,ST02,Kudama State,Adalari,Wudyoba,Rural,187,,0,,,,,
EA00583,ST02,Kudama State,Yoblaja,Wudwali,Rural,152,,0,,,,,
EA00584,ST02,Kudama State,Sokwayi,Iralako,Urban,158,,0,,,,,
EA00585,ST02,Kudama State,Marshayi,Kuskoru,Rural,259,C048,1,0.21624781,35931.0,30.0,229.0,Visited as selected
EA00586,ST02,Kudama State,Zarkoshi,Barzawo,Rural,138,,0,,,,,
EA00587,ST02,Kudama State,Ibitside,Supnani,Rural,98,,0,,,,,
EA00588,ST02,Kudama State,Plamami,Adalusa,Rural,160,,0,,,,,
EA00589,ST02,Kudama State,Zarbeba,Ibiriru,Urban,45,C056,1,0.03757201,35931.0,30.0,46.0,Visited as selected
EA00590,ST02,Kudama State,Zarlade,Irakodu,Rural,98,,0,,,,,
EA00591,ST02,Kudama State,Soknayi,Rivluru,Rural,115,,0,,,,,
EA00592,ST02,Kudama State,Aguwayi,Supzali,Urban,120,,0,,,,,
EA00593,ST02,Kudama State,Dursashi,Ekiduyi,Rural,81,,0,,,,,
EA00594,ST02,Kudama State,Olowawa,Bauluta,Rural,108,,0,,,,,
EA00595,ST02,Kudama State,Dunzaja,Enwlani,Rural,89,,0,,,,,
EA00596,ST02,Kudama State,Adalari,Zarlata,Rural,138,,0,,,,,
EA00597,ST02,Kudama State,Yoblaja,Yenrisa,Rural,159,,0,,,,,
EA00598,ST02,Kudama State,Sokwayi,Aguritu,Urban,66,,0,,,,,
EA00599,ST02,Kudama State,Marshayi,Baulayi,Rural,53,,0,,,,,
EA00600,ST02,Kudama State,Zarkoshi,Barkoma,Rural,156,,0,,,,,
EA00601,ST02,Kudama State,Ibitside,Agukoja,Urban,123,,0,,,,,
EA00602,ST02,Kudama State,Plamami,Adaradu,Rural,102,,0,,,,,
EA00603,ST02,Kudama State,Zarbeba,Irasama,Urban,135,,0,,,,,
EA00604,ST02,Kudama State,Zarlade,Soknuma,Urban,163,,0,,,,,
EA00605,ST02,Kudama State,Soknayi,Baushama,Rural,123,,0,,,,,
EA00606,ST02,Kudama State,Aguwayi,Kusluma,Rural,128,,0,,,,,
EA00607,ST02,Kudama State,Dursashi,Tannutu,Rural,84,,0,,,,,
EA00608,ST02,Kudama State,Olowawa,Ekitili,Urban,399,C049,1,0.33313852,35931.0,30.0,615.0,Visited as selected
EA00609,ST02,Kudama State,Dunzaja,Uzududu,Rural,204,,0,,,,,
EA00610,ST02,Kudama State,Adalari,Gomtside,Rural,51,,0,,,,,
EA00611,ST02,Kudama State,Yoblaja,Sokbeta,Urban,53,,0,,,,,
EA00612,ST02,Kudama State,Sokwayi,Marriwa,Rural,141,,0,,,,,
EA00613,ST02,Kudama State,Marshayi,Wudtsisa,Urban,112,C035,1,0.09351257,35931.0,30.0,80.0,Visited as selected
EA00614,ST02,Kudama State,Zarkoshi,Agujita,Rural,93,,0,,,,,
EA00615,ST02,Kudama State,Ibitside,Yobnaja,Rural,218,,0,,,,,
EA00616,ST02,Kudama State,Plamami,Rivlako,Rural,107,,0,,,,,
EA00617,ST02,Kudama State,Zarbeba,Zardusa,Rural,62,,0,,,,,
EA00618,ST02,Kudama State,Zarlade,Wudjiru,Rural,142,,0,,,,,
EA00619,ST02,Kudama State,Soknayi,Okolashi,Rural,71,,0,,,,,
EA00620,ST02,Kudama State,Aguwayi,Shabetu,Rural,124,,0,,,,,
EA00621,ST02,Kudama State,Dursashi,Tivduko,Rural,105,,0,,,,,
EA00622,ST02,Kudama State,Olowawa,Dunmari,Rural,81,,0,,,,,
EA00623,ST02,Kudama State,Dunzaja,Zartsile,Rural,152,,0,,,,,
EA00624,ST02,Kudama State,Adalari,Okokoshi,Rural,183,,0,,,,,
EA00625,ST02,Kudama State,Yoblaja,Aguyori,Rural,58,,0,,,,,
EA00626,ST02,Kudama State,Sokwayi,Okowaja,Rural,28,,0,,,,,
EA00627,ST02,Kudama State,Marshayi,Jatdutu,Rural,185,,0,,,,,
EA00628,ST02,Kudama State,Zarkoshi,Bennudu,Urban,67,,0,,,,,
EA00629,ST02,Kudama State,Ibitside,Kattsiru,Urban,188,,0,,,,,
EA00630,ST02,Kudama State,Plamami,Lombewa,Rural,103,,0,,,,,
EA00631,ST02,Kudama State,Zarbeba,Shawaja,Rural,38,,0,,,,,
EA00632,ST02,Kudama State,Zarlade,Ekikoni,Rural,110,,0,,,,,
EA00633,ST02,Kudama State,Soknayi,Durjiko,Rural,25,,0,,,,,
EA00634,ST02,Kudama State,Aguwayi,Soktiko,Rural,208,,0,,,,,
EA00635,ST02,Kudama State,Dursashi,Olorami,Rural,146,,0,,,,,
EA00636,ST02,Kudama State,Olowawa,Ololana,Rural,214,C059,1,0.1786758,35931.0,30.0,275.0,Visited as selected
EA00637,ST02,Kudama State,Dunzaja,Zarbele,Urban,150,,0,,,,,
EA00638,ST02,Kudama State,Adalari,Uzurina,Rural,74,,0,,,,,
EA00639,ST02,Kudama State,Yoblaja,Umotiwa,Rural,91,,0,,,,,
EA00640,ST02,Kudama State,Sokwayi,Uzujitu,Urban,194,,0,,,,,
EA00641,ST03,Zaruwa State,Irashari,Rivlayi,Urban,294,C087,1,0.22742509,38782.0,30.0,229.0,Visited as selected
EA00642,ST03,Zaruwa State,Rivjiko,Uzuradu,Rural,133,,0,,,,,
EA00643,ST03,Zaruwa State,Ekimile,Fumrashi,Urban,152,,0,,,,,
EA00644,ST03,Zaruwa State,Zarlami,Shazana,Urban,40,,0,,,,,
EA00645,ST03,Zaruwa State,Kaltima,Sokwari,Rural,51,,0,,,,,
EA00646,ST03,Zaruwa State,Kusluba,Shawashi,Rural,60,,0,,,,,
EA00647,ST03,Zaruwa State,Supratu,Barrana,Rural,102,,0,,,,,
EA00648,ST03,Zaruwa State,Kalwatu,Fumrata,Urban,346,,0,,,,,
EA00649,ST03,Zaruwa State,Nakduko,Kusduta,Rural,181,,0,,,,,
EA00650,ST03,Zaruwa State,Gwaluyi,Rivkodu,Rural,192,,0,,,,,
EA00651,ST03,Zaruwa State,Gwarayi,Okoriwa,Urban,387,,0,,,,,
EA00652,ST03,Zaruwa State,Ekilawo,Rivluma,Rural,53,,0,,,,,
EA00653,ST03,Zaruwa State,Katkoko,Binwatu,Rural,192,C071,1,0.14852251,38782.0,30.0,239.0,Visited as selected
EA00654,ST03,Zaruwa State,Halsama,Rivtsini,Urban,246,,0,,,,,
EA00655,ST03,Zaruwa State,Irashari,Mardumi,Rural,88,,0,,,,,
EA00656,ST03,Zaruwa State,Rivjiko,Tanngole,Urban,246,,0,,,,,
EA00657,ST03,Zaruwa State,Ekimile,Nakberu,Urban,79,C062,1,0.06111082,38782.0,30.0,96.0,Visited as selected
EA00658,ST03,Zaruwa State,Zarlami,Jatbeja,Rural,70,,0,,,,,
EA00659,ST03,Zaruwa State,Kaltima,Marwali,Rural,115,,0,,,,,
EA00660,ST03,Zaruwa State,Kusluba,Marrini,Rural,80,,0,,,,,
EA00661,ST03,Zaruwa State,Supratu,Supnutu,Rural,110,C088,1,0.08509102,38782.0,30.0,55.0,Visited as selected
EA00662,ST03,Zaruwa State,Kalwatu,Durmale,Urban,145,,0,,,,,
EA00663,ST03,Zaruwa State,Nakduko,Martsita,Rural,127,,0,,,,,
EA00664,ST03,Zaruwa State,Gwaluyi,Ibishari,Rural,108,,0,,,,,
EA00665,ST03,Zaruwa State,Gwarayi,Naknudu,Urban,160,,0,,,,,
EA00666,ST03,Zaruwa State,Ekilawo,Marjili,Rural,98,,0,,,,,
EA00667,ST03,Zaruwa State,Katkoko,Adanawo,Rural,95,,0,,,,,
EA00668,ST03,Zaruwa State,Halsama,Adawayi,Urban,183,C078,1,0.14156052,38782.0,30.0,151.0,Visited as selected
EA00669,ST03,Zaruwa State,Irashari,Sokjishi,Rural,81,,0,,,,,
EA00670,ST03,Zaruwa State,Rivjiko,Kalzaja,Rural,233,,0,,,,,
EA00671,ST03,Zaruwa State,Ekimile,Olojiba,Rural,51,,0,,,,,
EA00672,ST03,Zaruwa State,Zarlami,Adabemi,Rural,201,,0,,,,,
EA00673,ST03,Zaruwa State,Kaltima,Zarrale,Rural,141,,0,,,,,
EA00674,ST03,Zaruwa State,Kusluba,Gwasako,Rural,72,,0,,,,,
EA00675,ST03,Zaruwa State,Supratu,Barshana,Urban,132,C070,1,0.10210923,38782.0,30.0,133.0,Visited as selected
EA00676,ST03,Zaruwa State,Kalwatu,Dunkowo,Urban,59,,0,,,,,
EA00677,ST03,Zaruwa State,Nakduko,Adaduli,Rural,97,,0,,,,,
EA00678,ST03,Zaruwa State,Gwaluyi,Soksadu,Rural,162,,0,,,,,
EA00679,ST03,Zaruwa State,Gwarayi,Kusnadu,Urban,123,,0,,,,,
EA00680,ST03,Zaruwa State,Ekilawo,Lomrasa,Rural,43,,0,,,,,
EA00681,ST03,Zaruwa State,Katkoko,Dunjiko,Rural,45,,0,,,,,
EA00682,ST03,Zaruwa State,Halsama,Kalkosa,Urban,52,,0,,,,,
EA00683,ST03,Zaruwa State,Irashari,Lomjiwo,Rural,25,,0,,,,,
EA00684,ST03,Zaruwa State,Rivjiko,Aguduru,Urban,181,C066,1,0.14001341,38782.0,30.0,211.0,Visited as selected
EA00685,ST03,Zaruwa State,Ekimile,Gwanata,Rural,220,C080,1,0.17018204,38782.0,30.0,139.0,Visited as selected
EA00686,ST03,Zaruwa State,Zarlami,Shakosa,Rural,162,,0,,,,,
EA00687,ST03,Zaruwa State,Kaltima,Tivladu,Rural,64,,0,,,,,
EA00688,ST03,Zaruwa State,Kusluba,Umosasa,Rural,82,,0,,,,,
EA00689,ST03,Zaruwa State,Supratu,Uzuwaba,Rural,167,,0,,,,,
EA00690,ST03,Zaruwa State,Kalwatu,Benkowo,Urban,315,,0,,,,,
EA00691,ST03,Zaruwa State,Nakduko,Uzutsija,Urban,241,,0,,,,,
EA00692,ST03,Zaruwa State,Gwaluyi,Naknuba,Rural,101,,0,,,,,
EA00693,ST03,Zaruwa State,Gwarayi,Enwmili,Urban,187,,0,,,,,
EA00694,ST03,Zaruwa State,Ekilawo,Adatide,Rural,149,,0,,,,,
EA00695,ST03,Zaruwa State,Katkoko,Okorade,Rural,54,,0,,,,,
EA00696,ST03,Zaruwa State,Halsama,Enwduwo,Rural,65,,0,,,,,
EA00697,ST03,Zaruwa State,Irashari,Soktsini,Rural,116,,0,,,,,
EA00698,ST03,Zaruwa State,Rivjiko,Kaltiri,Urban,150,,0,,,,,
EA00699,ST03,Zaruwa State,Ekimile,Benduru,Urban,105,,0,,,,,
EA00700,ST03,Zaruwa State,Zarlami,Kalshali,Rural,66,,0,,,,,
EA00701,ST03,Zaruwa State,Kaltima,Fumjide,Urban,147,,0,,,,,
EA00702,ST03,Zaruwa State,Kusluba,Adarimi,Rural,229,,0,,,,,
EA00703,ST03,Zaruwa State,Supratu,Gomlaru,Urban,106,,0,,,,,
EA00704,ST03,Zaruwa State,Kalwatu,Binlaba,Urban,242,,0,,,,,
EA00705,ST03,Zaruwa State,Nakduko,Yensata,Rural,82,,0,,,,,
EA00706,ST03,Zaruwa State,Gwaluyi,Ekijita,Urban,111,,0,,,,,
EA00707,ST03,Zaruwa State,Gwarayi,Wudshadu,Rural,216,,0,,,,,
EA00708,ST03,Zaruwa State,Ekilawo,Uzushashi,Rural,67,,0,,,,,
EA00709,ST03,Zaruwa State,Katkoko,Uzumiwa,Rural,77,,0,,,,,
EA00710,ST03,Zaruwa State,Halsama,Uzuyosa,Rural,99,,0,,,,,
EA00711,ST03,Zaruwa State,Irashari,Gwajiwo,Urban,139,,0,,,,,
EA00712,ST03,Zaruwa State,Rivjiko,Katraba,Rural,71,,0,,,,,
EA00713,ST03,Zaruwa State,Ekimile,Zarkoma,Rural,223,,0,,,,,
EA00714,ST03,Zaruwa State,Zarlami,Zarngowa,Rural,104,,0,,,,,
EA00715,ST03,Zaruwa State,Kaltima,Wudzadu,Rural,62,,0,,,,,
EA00716,ST03,Zaruwa State,Kusluba,Adanuni,Urban,79,,0,,,,,
EA00717,ST03,Zaruwa State,Supratu,Binngotu,Rural,169,,0,,,,,
EA00718,ST03,Zaruwa State,Kalwatu,Ololawa,Rural,25,,0,,,,,
EA00719,ST03,Zaruwa State,Nakduko,Yenmama,Urban,656,C068,1,0.50745191,38782.0,30.0,1038.0,Visited as selected
EA00720,ST03,Zaruwa State,Gwaluyi,Aguriba,Rural,53,,0,,,,,
EA00721,ST03,Zaruwa State,Gwarayi,Durkosa,Rural,105,,0,,,,,
EA00722,ST03,Zaruwa State,Ekilawo,Yobkoko,Urban,212,,0,,,,,
EA00723,ST03,Zaruwa State,Katkoko,Dunbedu,Rural,145,,0,,,,,
EA00724,ST03,Zaruwa State,Halsama,Lomwayi,Rural,83,,0,,,,,
EA00725,ST03,Zaruwa State,Irashari,Barlawo,Rural,111,,0,,,,,
EA00726,ST03,Zaruwa State,Rivjiko,Wudrina,Rural,74,,0,,,,,
EA00727,ST03,Zaruwa State,Ekimile,Yentiko,Rural,194,,0,,,,,
EA00728,ST03,Zaruwa State,Zarlami,Ibirawo,Rural,127,,0,,,,,
EA00729,ST03,Zaruwa State,Kaltima,Marlatu,Rural,123,C074,1,0.09514723,38782.0,30.0,86.0,Visited as selected
EA00730,ST03,Zaruwa State,Kusluba,Tivbeshi,Urban,245,,0,,,,,
EA00731,ST03,Zaruwa State,Supratu,Uzuyoli,Urban,134,C083,1,0.10365634,38782.0,30.0,138.0,Visited as selected
EA00732,ST03,Zaruwa State,Kalwatu,Sokrini,Rural,240,,0,,,,,
EA00733,ST03,Zaruwa State,Nakduko,Baurija,Rural,109,,0,,,,,
EA00734,ST03,Zaruwa State,Gwaluyi,Baujima,Rural,59,,0,,,,,
EA00735,ST03,Zaruwa State,Gwarayi,Kusshadu,Rural,59,,0,,,,,
EA00736,ST03,Zaruwa State,Ekilawo,Nakngoma,Urban,184,C076,1,0.14233407,38782.0,30.0,168.0,Visited as selected
EA00737,ST03,Zaruwa State,Katkoko,Zarnatu,Rural,197,,0,,,,,
EA00738,ST03,Zaruwa State,Halsama,Gomwali,Rural,244,,0,,,,,
EA00739,ST03,Zaruwa State,Irashari,Okotidu,Urban,160,,0,,,,,
EA00740,ST03,Zaruwa State,Rivjiko,Nakrima,Urban,113,,0,,,,,
EA00741,ST03,Zaruwa State,Ekimile,Durbede,Rural,95,,0,,,,,
EA00742,ST03,Zaruwa State,Zarlami,Fumsama,Rural,156,,0,,,,,
EA00743,ST03,Zaruwa State,Kaltima,Katyoni,Urban,246,,0,,,,,
EA00744,ST03,Zaruwa State,Kusluba,Irakowo,Rural,73,,0,,,,,
EA00745,ST03,Zaruwa State,Supratu,Adariwo,Rural,378,,0,,,,,
EA00746,ST03,Zaruwa State,Kalwatu,Tanduko,Rural,212,,0,,,,,
EA00747,ST03,Zaruwa State,Nakduko,Ekibena,Urban,206,C089,1,0.15935228,38782.0,30.0,146.0,Visited as selected
EA00748,ST03,Zaruwa State,Gwaluyi,Uzujimi,Rural,102,,0,,,,,
EA00749,ST03,Zaruwa State,Gwarayi,Adayole,Rural,95,,0,,,,,
EA00750,ST03,Zaruwa State,Ekilawo,Adabesa,Rural,108,,0,,,,,
EA00751,ST03,Zaruwa State,Katkoko,Fumshako,Rural,192,,0,,,,,
EA00752,ST03,Zaruwa State,Halsama,Adakole,Rural,26,,0,,,,,
EA00753,ST03,Zaruwa State,Irashari,Jattiyi,Rural,233,,0,,,,,
EA00754,ST03,Zaruwa State,Rivjiko,Nakbena,Urban,100,,0,,,,,
EA00755,ST03,Zaruwa State,Ekimile,Kalnuna,Urban,57,,0,,,,,
EA00756,ST03,Zaruwa State,Zarlami,Zarzaru,Rural,116,,0,,,,,
EA00757,ST03,Zaruwa State,Kaltima,Yobduja,Rural,80,,0,,,,,
EA00758,ST03,Zaruwa State,Kusluba,Wudluru,Rural,176,,0,,,,,
EA00759,ST03,Zaruwa State,Supratu,Kattita,Rural,170,,0,,,,,
EA00760,ST03,Zaruwa State,Kalwatu,Jatdusa,Urban,277,C090,1,0.21427466,38782.0,30.0,220.0,Visited as selected
EA00761,ST03,Zaruwa State,Nakduko,Nakrasa,Urban,74,,0,,,,,
EA00762,ST03,Zaruwa State,Gwaluyi,Planayi,Rural,68,,0,,,,,
EA00763,ST03,Zaruwa State,Gwarayi,Jatduta,Rural,25,C073,1,0.01933887,38782.0,30.0,14.0,Visited as selected
EA00764,ST03,Zaruwa State,Ekilawo,Kaltsiwa,Rural,112,,0,,,,,
EA00765,ST03,Zaruwa State,Katkoko,Marngoni,Urban,93,,0,,,,,
EA00766,ST03,Zaruwa State,Halsama,Yenmili,Rural,123,,0,,,,,
EA00767,ST03,Zaruwa State,Irashari,Jatbemi,Rural,103,C072,1,0.07967614,38782.0,30.0,98.0,Visited as selected
EA00768,ST03,Zaruwa State,Rivjiko,Adadudu,Urban,230,,0,,,,,
EA00769,ST03,Zaruwa State,Ekimile,Yoblana,Rural,60,,0,,,,,
EA00770,ST03,Zaruwa State,Zarlami,Kalngowo,Rural,91,,0,,,,,
EA00771,ST03,Zaruwa State,Kaltima,Lomkori,Urban,177,,0,,,,,
EA00772,ST03,Zaruwa State,Kusluba,Naklaru,Rural,42,,0,,,,,
EA00773,ST03,Zaruwa State,Supratu,Adanule,Rural,277,C069,1,0.21427466,38782.0,30.0,386.0,Visited as selected
EA00774,ST03,Zaruwa State,Kalwatu,Okomile,Rural,86,,0,,,,,
EA00775,ST03,Zaruwa State,Nakduko,Binshade,Urban,191,,0,,,,,
EA00776,ST03,Zaruwa State,Gwaluyi,Yensashi,Rural,102,,0,,,,,
EA00777,ST03,Zaruwa State,Gwarayi,Okomisa,Rural,143,C067,1,0.11061833,38782.0,30.0,136.0,Visited as selected
EA00778,ST03,Zaruwa State,Ekilawo,Tanluyi,Rural,128,,0,,,,,
EA00779,ST03,Zaruwa State,Katkoko,Gwarima,Rural,92,,0,,,,,
EA00780,ST03,Zaruwa State,Halsama,Fumzata,Rural,170,,0,,,,,
EA00781,ST03,Zaruwa State,Irashari,Halraja,Urban,283,,0,,,,,
EA00782,ST03,Zaruwa State,Rivjiko,Rivduna,Rural,64,,0,,,,,
EA00783,ST03,Zaruwa State,Ekimile,Gwamiyi,Rural,89,,0,,,,,
EA00784,ST03,Zaruwa State,Zarlami,Binmawa,Rural,88,,0,,,,,
EA00785,ST03,Zaruwa State,Kaltima,Barnama,Rural,121,,0,,,,,
EA00786,ST03,Zaruwa State,Kusluba,Aguwade,Rural,190,C064,1,0.1469754,38782.0,30.0,260.0,Visited as selected
EA00787,ST03,Zaruwa State,Supratu,Plazadu,Rural,158,,0,,,,,
EA00788,ST03,Zaruwa State,Kalwatu,Agukoni,Rural,128,,0,,,,,
EA00789,ST03,Zaruwa State,Nakduko,Katlana,Urban,262,,0,,,,,
EA00790,ST03,Zaruwa State,Gwaluyi,Bauduko,Rural,70,,0,,,,,
EA00791,ST03,Zaruwa State,Gwarayi,Durlumi,Rural,58,,0,,,,,
EA00792,ST03,Zaruwa State,Ekilawo,Gwangona,Urban,338,C061,1,0.2614615,38782.0,30.0,432.0,Visited as selected
EA00793,ST03,Zaruwa State,Katkoko,Barbewo,Rural,86,,0,,,,,
EA00794,ST03,Zaruwa State,Halsama,Irashawo,Rural,103,,0,,,,,
EA00795,ST03,Zaruwa State,Irashari,Barduyi,Urban,143,,0,,,,,
EA00796,ST03,Zaruwa State,Rivjiko,Lomtili,Rural,45,,0,,,,,
EA00797,ST03,Zaruwa State,Ekimile,Durlale,Rural,45,,0,,,,,
EA00798,ST03,Zaruwa State,Zarlami,Gwawaja,Rural,46,,0,,,,,
EA00799,ST03,Zaruwa State,Kaltima,Marwako,Rural,93,,0,,,,,
EA00800,ST03,Zaruwa State,Kusluba,Kalnari,Rural,129,,0,,,,,
EA00801,ST03,Zaruwa State,Supratu,Shashasa,Rural,25,,0,,,,,
EA00802,ST03,Zaruwa State,Kalwatu,Zarmiyi,Rural,42,,0,,,,,
EA00803,ST03,Zaruwa State,Nakduko,Gomnami,Rural,69,,0,,,,,
EA00804,ST03,Zaruwa State,Gwaluyi,Tankoru,Urban,179,,0,,,,,
EA00805,ST03,Zaruwa State,Gwarayi,Adaluri,Rural,43,,0,,,,,
EA00806,ST03,Zaruwa State,Ekilawo,Yobjina,Rural,85,,0,,,,,
EA00807,ST03,Zaruwa State,Katkoko,Tivjiri,Rural,94,,0,,,,,
EA00808,ST03,Zaruwa State,Halsama,Gwangoli,Rural,174,,0,,,,,
EA00809,ST03,Zaruwa State,Irashari,Jatluri,Rural,176,C075,1,0.13614563,38782.0,30.0,153.0,Visited as selected
EA00810,ST03,Zaruwa State,Rivjiko,Iradudu,Urban,329,,0,,,,,
EA00811,ST03,Zaruwa State,Ekimile,Ekiwami,Urban,198,,0,,,,,
EA00812,ST03,Zaruwa State,Zarlami,Tivludu,Urban,100,,0,,,,,
EA00813,ST03,Zaruwa State,Kaltima,Yenyoko,Urban,374,,0,,,,,
EA00814,ST03,Zaruwa State,Kusluba,Yobnako,Rural,50,,0,,,,,
EA00815,ST03,Zaruwa State,Supratu,Yenmana,Urban,94,,0,,,,,
EA00816,ST03,Zaruwa State,Kalwatu,Jatmile,Urban,93,,0,,,,,
EA00817,ST03,Zaruwa State,Nakduko,Barlude,Rural,113,,0,,,,,
EA00818,ST03,Zaruwa State,Gwaluyi,Kalnani,Urban,410,C065,1,0.31715744,38782.0,30.0,521.0,Visited as selected
EA00819,ST03,Zaruwa State,Gwarayi,Kalmini,Urban,279,,0,,,,,
EA00820,ST03,Zaruwa State,Ekilawo,Olorishi,Rural,210,,0,,,,,
EA00821,ST03,Zaruwa State,Katkoko,Plaluba,Rural,97,,0,,,,,
EA00822,ST03,Zaruwa State,Halsama,Adarade,Rural,168,,0,,,,,
EA00823,ST03,Zaruwa State,Irashari,Barmiwo,Rural,147,,0,,,,,
EA00824,ST03,Zaruwa State,Rivjiko,Rivshawa,Rural,153,,0,,,,,
EA00825,ST03,Zaruwa State,Ekimile,Baukomi,Rural,63,,0,,,,,
EA00826,ST03,Zaruwa State,Zarlami,Supnaba,Rural,178,,0,,,,,
EA00827,ST03,Zaruwa State,Kaltima,Agumami,Rural,25,,0,,,,,
EA00828,ST03,Zaruwa State,Kusluba,Shakoja,Rural,160,,0,,,,,
EA00829,ST03,Zaruwa State,Supratu,Adazaba,Rural,75,,0,,,,,
EA00830,ST03,Zaruwa State,Kalwatu,Sokyowo,Urban,32,,0,,,,,
EA00831,ST03,Zaruwa State,Nakduko,Adamiru,Rural,96,,0,,,,,
EA00832,ST03,Zaruwa State,Gwaluyi,Kallama,Urban,316,,0,,,,,
EA00833,ST03,Zaruwa State,Gwarayi,Tivngori,Urban,126,,0,,,,,
EA00834,ST03,Zaruwa State,Ekilawo,Benlade,Urban,50,,0,,,,,
EA00835,ST03,Zaruwa State,Katkoko,Yenjija,Rural,76,,0,,,,,
EA00836,ST03,Zaruwa State,Halsama,Aguzasa,Rural,140,,0,,,,,
EA00837,ST03,Zaruwa State,Irashari,Baumimi,Rural,116,,0,,,,,
EA00838,ST03,Zaruwa State,Rivjiko,Gwaluta,Rural,77,,0,,,,,
EA00839,ST03,Zaruwa State,Ekimile,Supduma,Urban,239,,0,,,,,
EA00840,ST03,Zaruwa State,Zarlami,Rivrasa,Rural,135,,0,,,,,
EA00841,ST03,Zaruwa State,Kaltima,Barsadu,Rural,84,,0,,,,,
EA00842,ST03,Zaruwa State,Kusluba,Enwwana,Urban,124,,0,,,,,
EA00843,ST03,Zaruwa State,Supratu,Jatyoni,Rural,141,,0,,,,,
EA00844,ST03,Zaruwa State,Kalwatu,Fumwawa,Rural,120,,0,,,,,
EA00845,ST03,Zaruwa State,Nakduko,Supmawo,Rural,131,,0,,,,,
EA00846,ST03,Zaruwa State,Gwaluyi,Adamiwo,Urban,128,,0,,,,,
EA00847,ST03,Zaruwa State,Gwarayi,Kattima,Urban,193,,0,,,,,
EA00848,ST03,Zaruwa State,Ekilawo,Wudrari,Rural,76,,0,,,,,
EA00849,ST03,Zaruwa State,Katkoko,Wudmari,Urban,242,,0,,,,,
EA00850,ST03,Zaruwa State,Halsama,Yobmima,Urban,284,C081,1,0.21968955,38782.0,30.0,260.0,Visited as selected
EA00851,ST03,Zaruwa State,Irashari,Enwjitu,Rural,236,,0,,,,,
EA00852,ST03,Zaruwa State,Rivjiko,Sokzatu,Rural,71,,0,,,,,
EA00853,ST03,Zaruwa State,Ekimile,Ekirasa,Urban,231,,0,,,,,
EA00854,ST03,Zaruwa State,Zarlami,Planata,Rural,145,,0,,,,,
EA00855,ST03,Zaruwa State,Kaltima,Plalude,Rural,134,,0,,,,,
EA00856,ST03,Zaruwa State,Kusluba,Kuswashi,Rural,42,,0,,,,,
EA00857,ST03,Zaruwa State,Supratu,Agungoma,Urban,112,,0,,,,,
EA00858,ST03,Zaruwa State,Kalwatu,Katshatu,Rural,345,,0,,,,,
EA00859,ST03,Zaruwa State,Nakduko,Dunbeshi,Rural,90,,0,,,,,
EA00860,ST03,Zaruwa State,Gwaluyi,Tivbeba,Urban,194,C085,1,0.15006962,38782.0,30.0,121.0,Visited as selected
EA00861,ST03,Zaruwa State,Gwarayi,Yenshade,Rural,150,,0,,,,,
EA00862,ST03,Zaruwa State,Ekilawo,Katnako,Rural,114,,0,,,,,
EA00863,ST03,Zaruwa State,Katkoko,Katzaba,Urban,130,,0,,,,,
EA00864,ST03,Zaruwa State,Halsama,Enwjija,Urban,291,,0,,,,,
EA00865,ST03,Zaruwa State,Irashari,Gomnadu,Rural,46,,0,,,,,
EA00866,ST03,Zaruwa State,Rivjiko,Ekinuja,Rural,93,,0,,,,,
EA00867,ST03,Zaruwa State,Ekimile,Okolatu,Rural,92,,0,,,,,
EA00868,ST03,Zaruwa State,Zarlami,Bauyoli,Rural,92,,0,,,,,
EA00869,ST03,Zaruwa State,Kaltima,Kusrari,Urban,144,,0,,,,,
EA00870,ST03,Zaruwa State,Kusluba,Kusrashi,Rural,172,,0,,,,,
EA00871,ST03,Zaruwa State,Supratu,Halmiru,Rural,175,C079,1,0.13537208,38782.0,30.0,161.0,Visited as selected
EA00872,ST03,Zaruwa State,Kalwatu,Jatmayi,Urban,106,C082,1,0.0819968,38782.0,30.0,111.0,Visited as selected
EA00873,ST03,Zaruwa State,Nakduko,Zaryoja,Urban,296,,0,,,,,
EA00874,ST03,Zaruwa State,Gwaluyi,Bauzade,Rural,87,,0,,,,,
EA00875,ST03,Zaruwa State,Gwarayi,Kalbeja,Rural,220,C084,1,0.17018204,38782.0,30.0,678.0,Visited as selected
EA00876,ST03,Zaruwa State,Ekilawo,Supnata,Urban,364,,0,,,,,
EA00877,ST03,Zaruwa State,Katkoko,Suptiru,Rural,167,C063,1,0.12918364,38782.0,30.0,220.0,Visited as selected
EA00878,ST03,Zaruwa State,Halsama,Enwkowo,Rural,62,,0,,,,,
EA00879,ST03,Zaruwa State,Irashari,Okomimi,Rural,92,C086,1,0.07116704,38782.0,30.0,83.0,Visited as selected
EA00880,ST03,Zaruwa State,Rivjiko,Dunnuli,Rural,162,,0,,,,,
EA00881,ST03,Zaruwa State,Ekimile,Adadude,Urban,233,,0,,,,,
EA00882,ST03,Zaruwa State,Zarlami,Lomrade,Urban,142,,0,,,,,
EA00883,ST03,Zaruwa State,Kaltima,Uzujiko,Rural,103,,0,,,,,
EA00884,ST03,Zaruwa State,Kusluba,Ibinari,Rural,81,,0,,,,,
EA00885,ST03,Zaruwa State,Supratu,Irangori,Rural,76,,0,,,,,
EA00886,ST03,Zaruwa State,Kalwatu,Benradu,Rural,77,,0,,,,,
EA00887,ST03,Zaruwa State,Nakduko,Supshasa,Rural,133,,0,,,,,
EA00888,ST03,Zaruwa State,Gwaluyi,Irayowo,Rural,71,,0,,,,,
EA00889,ST03,Zaruwa State,Gwarayi,Tannari,Rural,43,,0,,,,,
EA00890,ST03,Zaruwa State,Ekilawo,Uzuyode,Rural,89,,0,,,,,
EA00891,ST03,Zaruwa State,Katkoko,Wudriwa,Rural,77,,0,,,,,
EA00892,ST03,Zaruwa State,Halsama,Adashaba,Urban,160,,0,,,,,
EA00893,ST03,Zaruwa State,Irashari,Ekishana,Rural,115,,0,,,,,
EA00894,ST03,Zaruwa State,Rivjiko,Gomyoko,Rural,151,,0,,,,,
EA00895,ST03,Zaruwa State,Ekimile,Barlali,Urban,127,,0,,,,,
EA00896,ST03,Zaruwa State,Zarlami,Baungowo,Rural,183,,0,,,,,
EA00897,ST03,Zaruwa State,Kaltima,Adawami,Urban,190,,0,,,,,
EA00898,ST03,Zaruwa State,Kusluba,Uzuzatu,Urban,118,,0,,,,,
EA00899,ST03,Zaruwa State,Supratu,Rivzadu,Rural,60,,0,,,,,
EA00900,ST03,Zaruwa State,Kalwatu,Ngejini,Rural,129,,0,,,,,
EA00901,ST03,Zaruwa State,Nakduko,Durduba,Urban,328,C077,1,0.25372596,38782.0,30.0,334.0,Visited as selected
EA00902,ST03,Zaruwa State,Gwaluyi,Tanluko,Rural,88,,0,,,,,
EA00903,ST03,Zaruwa State,Gwarayi,Kalsadu,Rural,63,,0,,,,,
EA00904,ST03,Zaruwa State,Ekilawo,Adanashi,Urban,38,,0,,,,,
EA00905,ST03,Zaruwa State,Katkoko,Binlaja,Rural,54,,0,,,,,
EA00906,ST03,Zaruwa State,Halsama,Benngota,Rural,27,,0,,,,,
EA00907,ST03,Zaruwa State,Irashari,Bautiyi,Rural,138,,0,,,,,
EA00908,ST03,Zaruwa State,Rivjiko,Baryode,Rural,105,,0,,,,,
EA00909,ST03,Zaruwa State,Ekimile,Fumkoli,Urban,322,,0,,,,,
EA00910,ST03,Zaruwa State,Zarlami,Adawaru,Urban,167,,0,,,,,
EA00911,ST03,Zaruwa State,Kaltima,Ibimiyi,Rural,80,,0,,,,,
EA00912,ST03,Zaruwa State,Kusluba,Lomnudu,Rural,84,,0,,,,,
EA00913,ST03,Zaruwa State,Supratu,Adayoja,Rural,208,,0,,,,,
EA00914,ST03,Zaruwa State,Kalwatu,Zarnami,Rural,54,,0,,,,,
EA00915,ST03,Zaruwa State,Nakduko,Tannumi,Rural,215,,0,,,,,
EA00916,ST03,Zaruwa State,Gwaluyi,Fumtsiyi,Rural,93,,0,,,,,
EA00917,ST03,Zaruwa State,Gwarayi,Durzali,Rural,182,,0,,,,,
EA00918,ST03,Zaruwa State,Ekilawo,Barriru,Rural,72,,0,,,,,
EA00919,ST03,Zaruwa State,Katkoko,Fumbewa,Rural,122,,0,,,,,
EA00920,ST03,Zaruwa State,Halsama,Supshashi,Urban,226,,0,,,,,
