ward_code,ward_name,total_population,population_under5,travel_time_to_adequate_min,nearest_adequate_facility_id,travel_time_to_any_facility_min,nearest_any_facility_id,gap_type
W0228,Yeldule,30843,4790,159.4,HF00692,139.3,HF00580,facility_absent
W0169,Adelawa,13033,1973,153.0,HF00132,61.3,HF00093,facility_absent
W0615,Aderari,19719,3028,140.5,HF01294,55.5,HF01325,facility_present_understaffed
W0009,Gwobele,22295,4039,139.4,HF00401,109.8,HF00367,facility_absent
W0454,Gwoyowo,56223,8971,138.8,HF00847,50.2,HF00845,facility_present_understaffed
W0553,Nasmitu,7788,1389,136.0,HF00850,92.0,HF01187,facility_absent
W0607,Ngetsiko,23816,4166,134.5,HF01294,49.5,HF01325,facility_present_understaffed
W0180,Irorawa,39550,6156,132.9,HF00139,68.6,HF00090,facility_absent
W0436,Shaduni,19802,3020,130.7,HF00847,42.1,HF00845,facility_present_understaffed
W0464,Tamnuta,36744,5704,129.1,HF00795,62.3,HF00811,facility_absent
W0449,Sharimi,23410,4323,128.0,HF01202,119.0,HF00907,facility_absent
W0243,Joskoko,29574,4486,127.9,HF00292,79.1,HF00321,facility_absent
W0524,Wurbali,68250,11686,125.6,HF01263,116.6,HF01264,facility_absent
W0144,Hanlashi,38731,6298,124.3,HF00176,94.1,HF00601,facility_absent
W0550,Ngebasa,3763,584,124.1,HF01304,45.1,HF01165,facility_present_understaffed
W0066,Zamyoru,38033,6227,123.1,HF00079,89.5,HF00120,facility_absent
W0277,Okenatu,6289,924,122.2,HF00692,102.1,HF00580,facility_absent
W0573,Riyjiyi,29232,4838,121.7,HF01304,42.7,HF01165,facility_present_understaffed
W0601,Riynawa,29087,5261,119.9,HF01196,77.1,HF01146,facility_absent
W0569,Lokmiba,30658,5152,119.9,HF00850,76.0,HF01187,facility_absent
W0554,Agbzali,61670,10296,119.7,HF00850,75.7,HF01187,facility_absent
W0094,Jostsili,18434,2686,118.3,HF00132,68.5,HF00111,facility_absent
W0324,Shabafa,12347,2159,117.4,HF00511,94.0,HF00513,facility_absent
W0498,Naslawa,38895,6378,117.1,HF01123,117.1,HF01123,facility_absent
W0523,Riynaja,2417,430,116.2,HF00795,49.4,HF00811,facility_present_understaffed
W0060,Tammari,14036,2490,115.7,HF00401,86.1,HF00367,facility_absent
W0221,Kuktiwa,10875,1908,115.7,HF00549,84.1,HF00100,facility_absent
W0047,Kuktsija,25296,4603,115.4,HF00401,85.8,HF00367,facility_absent
W0250,Soknudu,10680,1795,115.3,HF00578,81.3,HF00580,facility_absent
W0549,Tivdewo,50209,8502,115.1,HF01142,88.2,HF01161,facility_absent
W0111,Lokngowa,41058,6408,115.0,HF00139,90.1,HF00142,facility_absent
W0330,Daiyona,100817,17826,114.2,HF00772,108.7,HF00761,facility_absent
W0571,Uzoyodu,41393,6855,114.0,HF00807,74.8,HF01167,facility_absent
W0067,Zambeba,20011,2987,113.9,HF00079,80.7,HF00080,facility_absent
W0229,Soknari,33580,6063,113.7,HF00578,96.1,HF00575,facility_absent
W0493,Hanwani,16309,2376,113.6,HF01263,104.6,HF01264,facility_absent
W0556,Josngoni,6005,977,113.6,HF01304,34.6,HF01165,facility_present_understaffed
W0582,Kukbeta,14994,2264,112.0,HF01035,104.2,HF01032,facility_absent
W0430,Daikowa,33801,5804,111.9,HF00863,80.2,HF00866,facility_absent
W0570,Hantsiyi,7557,1285,111.4,HF01142,72.8,HF01163,facility_absent
W0587,Okemashi,29466,4729,110.1,HF01142,71.5,HF01163,facility_absent
W0575,Agbmama,34375,5281,108.5,HF00807,69.2,HF01167,facility_absent
W0112,Ekebako,29711,4602,107.5,HF00132,57.7,HF00111,facility_present_understaffed
W0529,Supdushi,13330,2373,107.4,HF01085,63.3,HF01127,facility_absent
W0318,Olumaru,27417,5009,104.9,HF00486,103.7,HF00482,facility_absent
W0492,Adetsiko,7474,1352,104.8,HF00795,38.0,HF00811,facility_present_understaffed
W0196,Naslama,12607,2091,104.7,HF00559,83.9,HF00165,facility_absent
W0252,Shawaba,16640,3059,104.1,HF00692,84.0,HF00580,facility_absent
W0383,Funkotu,8410,1531,103.7,HF00868,79.9,HF00865,facility_absent
W0226,Ngeyomi,35645,5691,102.5,HF00608,69.6,HF00611,facility_absent
W0526,Yobdede,21999,3533,102.4,HF01065,98.4,HF00949,facility_absent
W0262,Banshako,21735,3996,102.3,HF00510,46.1,HF00505,facility_present_understaffed
W0296,Umukeshi,35733,5585,102.2,HF00486,101.0,HF00482,facility_absent
W0172,Yelwari,32472,5890,100.9,HF00578,83.4,HF00575,facility_absent
W0478,Wurshani,36194,5689,100.3,HF00945,96.4,HF00967,facility_absent
W0162,Gwolude,56819,9726,100.0,HF00566,68.8,HF00569,facility_absent
W0273,Hanlushi,7093,1168,99.4,HF00461,86.4,HF00464,facility_absent
W0246,Tivbedu,14461,2586,99.4,HF00302,59.4,HF00315,facility_present_understaffed
W0317,Lokkoko,12865,2197,99.2,HF00547,65.3,HF00518,facility_absent
W0198,Banluma,24412,3832,98.6,HF00101,66.4,HF00090,facility_absent
W0600,Agbmami,27160,3980,98.4,HF01322,76.5,HF01147,facility_absent
W0618,Funnuta,63541,10296,98.1,HF01294,98.1,HF01294,facility_absent
W0016,Oluwasa,41061,6504,98.1,HF00029,67.6,HF00055,facility_absent
W0076,Sharama,16099,2706,97.3,HF00354,70.0,HF00396,facility_absent
W0125,Daishani,9610,1633,97.1,HF00139,72.2,HF00142,facility_absent
W0371,Wurzano,36608,5745,96.6,HF00524,88.0,HF00883,facility_absent
W0087,Ibabewo,18269,3321,96.4,HF00173,93.2,HF00205,facility_absent
W0563,Shatsino,25700,4369,96.2,HF01190,51.3,HF01159,facility_present_understaffed
W0421,Okeriyi,10389,1619,96.0,HF00900,72.1,HF00903,facility_absent
W0019,Aderita,73368,12037,95.6,HF00004,95.6,HF00004,facility_absent
W0203,Fundeko,40619,6982,95.3,HF00578,77.7,HF00575,facility_absent
W0151,Ekerini,30526,4939,95.3,HF00139,31.0,HF00090,facility_present_understaffed
W0237,Soksani,37864,5643,94.6,HF00510,38.5,HF00505,facility_present_understaffed
W0081,Umutiri,18226,3180,93.5,HF00185,93.5,HF00185,facility_absent
W0301,Agbsama,24268,3606,93.3,HF00684,61.3,HF00640,facility_absent
W0089,Naslayi,12625,1858,93.2,HF00398,67.4,HF00394,facility_absent
W0268,Ekemiwa,19759,3300,92.7,HF00659,92.7,HF00659,facility_absent
W0127,Gwotidu,6917,1250,92.3,HF00132,59.2,HF00130,facility_present_understaffed
W0528,Loktifa,6608,1108,92.0,HF00988,92.0,HF00988,facility_absent
W0177,Hanlana,45484,7265,91.9,HF00139,27.7,HF00090,facility_present_understaffed
W0451,Ekebawa,8701,1569,91.7,HF00827,55.3,HF00862,facility_present_understaffed
W0204,Josnata,17791,2921,91.5,HF00608,58.6,HF00611,facility_present_understaffed
W0010,Sokjitu,15308,2374,91.4,HF00068,81.9,HF00085,facility_absent
W0012,Hanmade,26381,4620,91.3,HF00047,79.4,HF00088,facility_absent
W0008,Shaluri,7290,1106,91.2,HF00023,91.2,HF00023,facility_absent
W0408,Okedesa,9769,1615,91.1,HF00531,90.5,HF00532,facility_absent
W0055,Tivjidu,19187,2852,90.8,HF00373,38.1,HF00367,facility_present_understaffed
W0551,Gwobali,15246,2654,90.8,HF01190,45.9,HF01159,facility_present_understaffed
W0004,Lokdushi,4841,863,90.8,HF00068,81.3,HF00085,facility_absent
W0280,Gwoyota,48785,8597,90.8,HF00265,84.2,HF00735,facility_absent
W0192,Duttsija,26154,4454,90.1,HF00158,59.0,HF00598,facility_present_understaffed
W0257,Kadbetu,43337,6303,90.0,HF00429,87.5,HF00425,facility_absent
W0347,Umurifa,18956,3222,89.9,HF00524,81.3,HF00883,facility_absent
W0484,Tivlano,45422,7802,89.7,HF00827,83.0,HF00830,facility_absent
W0515,Oluwaba,41540,6419,89.4,HF01233,55.0,HF01184,facility_present_understaffed
W0545,Irowani,127396,19076,89.4,HF01233,68.1,HF01234,facility_absent
W0238,Ngemafa,10716,1857,89.2,HF00578,55.2,HF00580,facility_present_understaffed
W0236,Nasyowa,15838,2924,88.4,HF00419,85.8,HF00427,facility_absent
W0232,Tivzana,15635,2575,88.2,HF00582,65.7,HF00583,facility_absent
W0433,Shangoru,34915,6230,87.9,HF01077,70.6,HF01080,facility_absent
W0093,Sharashi,28647,4314,87.8,HF00359,66.4,HF00380,facility_absent
W0109,Ekemari,15014,2544,87.3,HF00354,60.0,HF00396,facility_present_understaffed
W0455,Daizaba,31974,5605,87.2,HF00943,52.4,HF00955,facility_present_understaffed
W0480,Malnumi,8389,1358,86.9,HF01180,64.0,HF01182,facility_absent
W0025,Dutrimi,21898,3311,86.4,HF00025,86.4,HF00025,facility_absent
W0160,Katlatu,37198,6854,86.3,HF00176,56.1,HF00601,facility_present_understaffed
W0461,Lokwari,25999,4774,86.3,HF01112,79.4,HF01115,facility_absent
W0085,Banrana,9338,1516,85.8,HF00622,58.5,HF00199,facility_present_understaffed
W0297,Agbtiba,25472,4095,85.7,HF00893,69.6,HF00895,facility_absent
W0417,Daizana,18366,2762,85.6,HF00820,69.1,HF00817,facility_absent
W0038,Zammasa,11000,1920,85.6,HF00401,56.0,HF00367,facility_present_understaffed
W0479,Katyodu,25059,4392,85.2,HF01233,63.9,HF01234,facility_absent
W0001,Ibasashi,15636,2291,85.0,HF00068,75.5,HF00085,facility_absent
W0270,Ngeduru,40580,6791,84.8,HF00675,84.8,HF00675,facility_absent
W0411,Umuduno,30087,4458,84.7,HF00863,53.0,HF00866,facility_present_understaffed
W0083,Adetidu,46928,8295,84.7,HF00138,84.7,HF00138,facility_absent
W0354,Tivsako,23840,4066,84.3,HF00917,73.0,HF900919,facility_absent
W0540,Umuyoba,220047,33576,84.3,HF01072,47.8,HF00973,facility_present_understaffed
W0605,Wurbasa,65037,11672,84.2,HF01002,84.2,HF01002,facility_absent
W0063,Josmasa,12840,2206,84.1,HF00373,47.4,HF00369,facility_present_understaffed
W0034,Dutkoshi,21796,3203,83.1,HF00227,68.7,HF00182,facility_absent
W0521,Funwashi,15168,2577,83.1,HF00850,83.1,HF00850,facility_absent
W0310,Umubeli,145272,24374,82.9,HF00332,82.9,HF00332,facility_absent
W0339,Uzorimi,47819,7749,82.8,HF00782,82.8,HF00782,facility_absent
W0594,Uzomisa,136327,22276,82.7,HF01000,53.5,HF01004,facility_present_understaffed
W0462,Funngoru,53829,9389,82.3,HF00945,78.5,HF00967,facility_absent
W0590,Gwonashi,78373,14204,82.3,HF01035,74.5,HF01032,facility_absent
W0044,Supmano,36589,6205,82.2,HF00223,82.2,HF00223,facility_absent
W0539,Sokdeba,106552,19545,82.2,HF00984,68.5,HF00989,facility_absent
W0288,Daiwaru,31115,4774,82.1,HF00912,80.2,HF00467,facility_absent
W0298,Adetsile,26085,4743,81.9,HF00511,58.5,HF00513,facility_present_understaffed
W0486,Agbjisa,20259,3433,81.8,HF00945,77.9,HF00967,facility_absent
W0287,Banngotu,18583,2855,81.8,HF00511,58.4,HF00513,facility_present_understaffed
W0398,Gwobako,114383,20259,81.7,HF00787,78.1,HF00794,facility_absent
W0418,Banwama,63469,11492,81.6,HF00752,53.6,HF00756,facility_present_understaffed
W0142,Ngengoyi,33913,5390,81.4,HF00416,78.9,HF00412,facility_absent
W0219,Iroshaba,10791,1931,81.3,HF00587,60.7,HF00504,facility_absent
W0538,Baurino,51509,8208,81.0,HF01262,69.8,HF01234,facility_absent
W0132,Ibangoja,5079,776,80.7,HF00596,52.8,HF00628,facility_present_understaffed
W0503,Yobbafa,29444,4594,80.7,HF00827,43.9,HF00828,facility_present_understaffed
W0568,Yobkema,52632,8470,80.4,HF01142,53.4,HF01161,facility_present_understaffed
W0013,Baujina,43228,6799,80.4,HF00223,80.4,HF00223,facility_absent
W0121,Maldefa,39423,7093,80.4,HF00398,54.6,HF00394,facility_present_understaffed
W0595,Zamriru,33457,5800,80.4,HF01196,37.6,HF01146,facility_present_understaffed
W0448,Sokngono,29321,4854,80.3,HF00943,45.5,HF00955,facility_present_understaffed
W0513,Okekewa,16391,2627,80.2,HF00982,70.5,HF01127,facility_absent
W0530,Kadzaru,27863,4187,80.0,HF00988,80.0,HF00988,facility_absent
W0146,Riyjiwo,43412,7310,79.4,HF00596,79.4,HF00596,facility_absent
W0285,Kukrali,28554,4691,79.3,HF00675,79.3,HF00675,facility_absent
W0143,Okenami,33167,4947,79.3,HF00139,54.4,HF00142,facility_present_understaffed
W0263,Zamlama,30745,5289,79.1,HF00492,79.1,HF00492,facility_absent
W0614,Wurngomi,45660,8304,78.9,HF01000,78.9,HF01000,facility_absent
W0395,Supyomi,18207,3135,78.9,HF00900,55.0,HF00903,facility_present_understaffed
W0197,Tivjija,70065,10763,78.9,HF00302,21.2,HF00307,facility_present_understaffed
W0212,Wurngowo,115247,16782,78.8,HF00280,67.9,HF00283,facility_absent
W0508,Uzotsija,52312,7858,78.7,HF01065,74.7,HF00949,facility_absent
W0244,Yobnadu,39891,6419,78.7,HF00510,78.7,HF00510,facility_absent
W0211,Daideno,15540,2504,78.7,HF00587,58.1,HF00504,facility_present_understaffed
W0293,Olukoyi,55159,10162,78.6,HF00332,78.6,HF00332,facility_absent
W0472,Shayoshi,56089,9385,78.4,HF01209,49.2,HF01232,facility_present_understaffed
W0579,Irozari,60964,10835,78.4,HF00988,78.4,HF00988,facility_absent
W0357,Tivdeli,5469,800,78.4,HF00667,61.3,HF00643,facility_absent
W0101,Dairimi,23866,3936,78.3,HF00395,63.9,HF00397,facility_absent
W0315,Ibazawa,25866,4297,78.2,HF00511,54.8,HF00513,facility_present_understaffed
W0397,Ibangoba,17016,3113,78.1,HF00787,74.4,HF00794,facility_absent
W0165,Funbaja,21338,3535,78.1,HF00451,78.1,HF00451,facility_absent
W0205,Okelaja,7963,1195,78.1,HF00468,78.1,HF00468,facility_absent
W0026,Adenutu,28518,4669,77.9,HF00219,77.9,HF00219,facility_absent
W0007,Enunasa,27475,4581,77.6,HF00011,69.5,HF00010,facility_absent
W0057,Bantsiri,24269,3710,77.5,HF00185,77.5,HF00185,facility_absent
W0053,Uzobele,10511,1676,77.4,HF00034,77.4,HF00034,facility_absent
W0149,Katbeba,22749,4201,77.1,HF00446,55.7,HF00450,facility_present_understaffed
W0405,Irongoko,31968,5288,77.0,HF00953,77.0,HF00953,facility_absent
W0609,Daiwana,72270,13328,76.8,HF01000,46.5,HF01039,facility_present_understaffed
W0585,Dutdeyi,28158,4310,76.8,HF01311,76.8,HF01311,facility_absent
W0495,Shaketa,27884,4569,76.5,HF01085,76.5,HF01085,facility_absent
W0373,Ngeluli,16604,2928,76.4,HF01103,76.4,HF01103,facility_absent
W0105,Uzoriyi,23926,4111,76.1,HF00354,48.7,HF00396,facility_present_understaffed
W0487,Tamnuma,11546,1816,75.6,HF00945,71.7,HF00967,facility_absent
W0295,Dainani,44974,6717,75.4,HF00325,75.4,HF00325,facility_absent
W0017,Kadyodu,29162,4895,75.4,HF00181,75.4,HF00181,facility_absent
W0406,Hansasa,28696,4775,75.3,HF01092,58.5,HF01097,facility_present_understaffed
W0006,Maltsisa,57154,9109,75.2,HF00011,67.1,HF00010,facility_absent
W0150,Wurshama,32530,4857,75.1,HF00139,59.0,HF00090,facility_present_understaffed
W0598,Shalule,70444,11428,74.9,HF01035,67.1,HF01032,facility_absent
W0032,Nasnuri,39662,6367,74.5,HF00029,44.1,HF00055,facility_present_understaffed
W0117,Eketsino,13476,2477,74.4,HF00139,58.3,HF00090,facility_present_understaffed
W0275,Tivlawa,15316,2809,74.3,HF00262,67.8,HF00252,facility_absent
W0407,Yelnuba,22891,3582,74.2,HF00542,74.2,HF00542,facility_absent
W0581,Daibefa,80085,13145,74.2,HF01035,66.4,HF01032,facility_absent
W0306,Kukmiyi,17600,3229,74.1,HF00876,53.7,HF00875,facility_present_understaffed
W0459,Dutzali,12519,2043,74.0,HF00960,74.0,HF00960,facility_absent
W0225,Sokshayi,280263,41460,73.9,HF00311,68.7,HF00291,facility_absent
W0346,Yobnuma,5421,799,73.7,HF00642,47.4,HF00643,facility_present_understaffed
W0439,Daideli,18937,2996,73.5,HF00816,67.0,HF00815,facility_absent
W0428,Wurzani,5140,935,73.4,HF00954,41.7,HF01101,facility_present_understaffed
W0379,Birnuta,22064,3415,73.4,HF00526,73.4,HF00526,facility_absent
W0078,Kadjisa,4483,819,73.1,HF00079,39.5,HF00120,facility_present_understaffed
W0154,Hanluta,26302,3842,72.9,HF00158,41.8,HF00598,facility_present_understaffed
W0091,Yobzade,37811,6364,72.7,HF00621,69.2,HF00628,facility_absent
W0470,Funyofa,9560,1494,72.7,HF00827,36.3,HF00862,facility_present_understaffed
W0290,Dutrama,16813,3036,72.6,HF00695,72.6,HF00695,facility_absent
W0360,Tivtsisa,60520,10296,72.6,HF00933,61.4,HF00925,facility_absent
W0389,Agbwali,63754,9846,72.6,HF01092,55.8,HF01097,facility_present_understaffed
W0157,Zamngono,53970,9176,72.5,HF00302,53.1,HF00301,facility_present_understaffed
W0476,Yobngole,35002,5613,72.5,HF00827,65.8,HF00830,facility_absent
W0466,Sharishi,88072,15548,72.4,HF01222,72.4,HF01222,facility_absent
W0501,Hanlasa,39720,6117,72.4,HF00833,72.4,HF00833,facility_absent
W0265,Josbesa,79003,13541,72.3,HF00292,23.5,HF00321,facility_present_understaffed
W0469,Sokbedu,140881,25427,72.3,HF01205,72.3,HF01205,facility_absent
W0119,Joszayi,72302,11359,72.3,HF00352,64.6,HF00435,facility_absent
W0426,Agbshako,21816,3648,71.7,HF00542,71.7,HF00542,facility_absent
W0432,Adebale,10125,1694,71.6,HF00856,46.4,HF00857,facility_present_understaffed
W0394,Ekengoja,13519,2068,71.6,HF00856,71.6,HF00856,facility_absent
W0617,Ekekode,76328,13712,71.5,HF01002,71.5,HF01002,facility_absent
W0374,Duttsita,15589,2528,71.4,HF00531,52.5,HF00536,facility_present_understaffed
W0463,Baulasa,7935,1180,71.3,HF01248,31.0,HF00963,facility_present_understaffed
W0434,Lokngode,12011,1811,71.2,HF01077,53.8,HF01080,facility_present_understaffed
W0082,Yobkosa,8548,1534,71.1,HF00395,56.6,HF00397,facility_present_understaffed
W0106,Supsani,33198,5916,71.0,HF00622,43.7,HF00199,facility_present_understaffed
W0292,Funrashi,34336,5582,71.0,HF00659,71.0,HF00659,facility_absent
W0261,Uzowana,133916,23796,70.7,HF00262,64.2,HF00252,facility_absent
W0535,Dairami,14424,2502,70.5,HF01142,69.6,HF01138,facility_absent
W0488,Zambaja,21075,3478,70.4,HF01123,70.4,HF01123,facility_absent
W0178,Daijiwa,10786,1957,70.3,HF00437,70.3,HF00437,facility_absent
W0062,Ibarija,32661,5130,70.2,HF00034,70.2,HF00034,facility_absent
W0431,Adekede,7815,1274,70.0,HF00820,70.0,HF00820,facility_absent
W0258,Agbratu,54474,8358,70.0,HF00325,70.0,HF00325,facility_absent
W0092,Gwomali,50260,7901,69.9,HF00239,49.6,HF00238,facility_present_understaffed
W0051,Okederi,67931,10620,69.8,HF00225,42.0,HF00224,facility_present_understaffed
W0612,Tivsana,46849,8493,69.8,HF01000,69.8,HF01000,facility_absent
W0384,Daimako,8679,1375,69.7,HF00667,69.7,HF00667,facility_absent
W0497,Olujisa,94135,14585,69.7,HF01209,40.5,HF01232,facility_present_understaffed
W0457,Zambema,144693,26236,69.7,HF00754,51.2,HF00809,facility_present_understaffed
W0209,Ibatsiba,17038,2981,69.5,HF00470,69.5,HF00470,facility_absent
W0046,Banshali,18654,3357,69.4,HF00363,69.4,HF00363,facility_absent
W0166,Agbkota,16828,2640,69.3,HF00446,47.9,HF00450,facility_present_understaffed
W0592,Tivrana,13446,2101,69.2,HF01196,69.2,HF01196,facility_absent
W0120,Ngemima,41942,6135,69.1,HF00213,65.0,HF00214,facility_absent
W0527,Wurkele,9432,1545,68.9,HF00968,43.1,HF00970,facility_present_understaffed
W0511,Supriyi,15593,2678,68.9,HF00850,68.9,HF00850,facility_absent
W0410,Wurtimi,12659,1986,68.8,HF00856,68.8,HF00856,facility_absent
W0564,Katnawa,11116,1909,68.8,HF01304,65.3,HF01303,facility_absent
W0309,Lokyofa,22795,3929,68.8,HF00893,52.7,HF00895,facility_present_understaffed
W0333,Riylale,45323,7809,68.7,HF00772,63.1,HF00761,facility_absent
W0473,Tivnuta,42259,7641,68.7,HF01077,51.3,HF01080,facility_present_understaffed
W0519,Ekeriri,23060,3814,68.7,HF01142,51.8,HF01143,facility_present_understaffed
W0217,Enurawo,28796,4281,68.6,HF00587,48.1,HF00504,facility_present_understaffed
W0276,Ngewama,8984,1304,68.6,HF00692,48.5,HF00580,facility_present_understaffed
W0080,Ibanana,13629,2377,68.3,HF00207,68.3,HF00207,facility_absent
W0444,Adeketu,53997,9842,68.1,HF01202,59.1,HF00907,facility_present_understaffed
W0482,Banmide,23841,3968,68.0,HF00847,56.9,HF00810,facility_present_understaffed
W0471,Soknutu,9182,1625,68.0,HF01112,61.1,HF01115,facility_absent
W0208,Kukyoba,71525,12802,67.8,HF00437,67.8,HF00437,facility_absent
W0542,Bantsile,17779,3209,67.5,HF01268,67.5,HF01268,facility_absent
W0567,Adenashi,15920,2455,67.4,HF01304,63.9,HF01303,facility_absent
W0074,Mallufa,20101,3609,67.2,HF00359,67.2,HF00359,facility_absent
W0045,Dainali,24443,4143,67.2,HF00185,67.2,HF00185,facility_absent
W0054,Lokngoli,9219,1440,67.0,HF00079,33.9,HF00080,facility_present_understaffed
W0201,Ekekowo,15984,2377,66.8,HF00439,59.7,HF00442,facility_present_understaffed
W0037,Ngeride,20863,3348,66.7,HF00359,66.7,HF00359,facility_absent
W0420,Bantsitu,39333,7085,66.5,HF00868,42.7,HF00865,facility_present_understaffed
W0548,Uzodushi,33925,5842,66.4,HF01268,66.4,HF01268,facility_absent
W0253,Olulusa,8113,1231,66.4,HF00461,66.4,HF00461,facility_absent
W0088,Kadjina,37994,5844,66.3,HF00122,64.7,HF00125,facility_absent
W0517,Banshafa,17151,2506,66.3,HF01085,22.1,HF01127,facility_present_understaffed
W0608,Supdedu,10065,1766,65.9,HF01322,43.9,HF01147,facility_present_understaffed
W0381,Bausako,165631,28205,65.7,HF00774,54.1,HF00748,facility_present_understaffed
W0213,Enuyona,48741,7086,65.6,HF00468,65.6,HF00468,facility_absent
W0536,Iroyori,42824,7385,65.6,HF01142,48.8,HF01143,facility_present_understaffed
W0438,Maldule,89130,13587,65.5,HF00713,63.8,HF00708,facility_absent
W0164,Loknuri,109076,19063,65.3,HF00302,65.3,HF00302,facility_absent
W0372,Sokshano,18801,2800,65.3,HF01103,65.3,HF01103,facility_absent
W0305,Yobbana,7990,1262,64.8,HF00633,43.5,HF00632,facility_present_understaffed
W0532,Gwobeno,54469,9658,64.8,HF01233,43.5,HF01234,facility_present_understaffed
W0193,Gwosani,21803,3614,64.8,HF00549,33.2,HF00100,facility_present_understaffed
W0326,Supbena,64897,9417,64.8,HF00526,64.8,HF00526,facility_absent
W0020,Joswaja,10614,1831,64.6,HF00004,64.6,HF00004,facility_absent
W0240,Daiyole,88866,15662,64.6,HF00273,64.6,HF00273,facility_absent
W0558,Tamsashi,26701,4303,64.5,HF01142,37.5,HF01161,facility_present_understaffed
W0128,Irodefa,196742,32527,64.5,HF00249,64.5,HF00249,facility_absent
W0075,Okewako,14993,2299,64.3,HF00373,27.6,HF00369,facility_present_understaffed
W0171,Olubewo,14745,2499,64.1,HF00132,64.1,HF00132,facility_absent
W0344,Wurzafa,28466,4595,64.0,HF00635,64.0,HF00635,facility_absent
W0183,Daikema,22175,3692,63.8,HF00600,37.0,HF00599,facility_present_understaffed
W0140,Uzosafa,25519,4665,63.8,HF00456,33.3,HF00457,facility_present_understaffed
W0307,Banlama,66320,12156,63.8,HF00782,63.8,HF00782,facility_absent
W0555,Baurima,136403,22122,63.8,HF01072,63.8,HF01072,facility_absent
W0403,Daizayi,46380,7872,63.6,HF01214,59.5,HF01212,facility_present_understaffed
W0108,Shabeli,24409,3931,63.5,HF00345,63.5,HF00345,facility_absent
W0158,Tivzaba,27855,4068,63.5,HF00416,61.0,HF00412,facility_absent
W0123,Kuktsino,13386,2276,63.5,HF00208,63.5,HF00208,facility_absent
W0533,Banluwa,73623,12097,63.3,HF01065,59.3,HF00949,facility_present_understaffed
W0325,Funbayi,25799,3863,63.3,HF00486,62.1,HF00482,facility_absent
W0195,Sokdushi,30349,5243,63.2,HF00563,51.2,HF00556,facility_present_understaffed
W0589,Tivtsiwo,10147,1585,63.1,HF01190,63.1,HF01190,facility_absent
W0578,Irokoni,54612,9034,63.0,HF00994,51.5,HF01022,facility_present_understaffed
W0364,Katbeno,9987,1613,63.0,HF00667,45.9,HF00643,facility_present_understaffed
W0124,Riynushi,30619,4688,62.9,HF00208,62.9,HF00208,facility_absent
W0413,Birtsiba,13492,2156,62.7,HF00954,62.7,HF00954,facility_absent
W0242,Birngoko,31901,5179,62.6,HF00492,62.6,HF00492,facility_absent
W0031,Loklude,11375,1996,62.5,HF00025,62.5,HF00025,facility_absent
W0090,Bannayi,19538,3614,62.5,HF00345,62.5,HF00345,facility_absent
W0362,Ekebewa,15624,2710,62.4,HF00541,62.4,HF00541,facility_absent
W0206,Birtima,32564,5971,62.3,HF00563,50.4,HF00556,facility_present_understaffed
W0181,Baumashi,27793,5029,62.1,HF00101,29.9,HF00090,facility_present_understaffed
W0182,Ekesana,3372,592,62.0,HF00596,62.0,HF00596,facility_absent
W0241,Banluba,12363,1821,62.0,HF00510,32.2,HF00504,facility_present_understaffed
W0370,Agbnana,68830,11728,62.0,HF00774,50.4,HF00748,facility_present_understaffed
W0086,Maltsini,6440,1032,61.8,HF00359,40.5,HF00380,facility_present_understaffed
W0245,Banlumi,17915,3063,61.8,HF00461,48.8,HF00464,facility_present_understaffed
W0069,Katzale,18519,3389,61.7,HF00038,61.7,HF00038,facility_absent
W0184,Riysafa,145691,26731,61.7,HF00295,61.7,HF00295,facility_absent
W0401,Supmita,15361,2531,61.7,HF00531,42.8,HF00536,facility_present_understaffed
W0126,Banmashi,14494,2109,61.6,HF00112,61.6,HF00112,facility_absent
W0052,Aderimi,38344,6850,61.6,HF00038,61.6,HF00038,facility_absent
W0274,Joskodu,18151,2747,61.5,HF00547,34.4,HF00546,facility_present_understaffed
W0122,Yobtiyi,14794,2319,61.5,HF00132,28.4,HF00130,facility_present_understaffed
W0107,Ibabeno,61801,10010,61.4,HF00208,61.4,HF00208,facility_absent
W0100,Umuwata,9017,1520,61.1,HF00352,61.1,HF00352,facility_absent
W0139,Katshale,36171,5457,60.4,HF00158,58.5,HF00161,facility_present_understaffed
W0584,Shangodu,15050,2231,60.4,HF01190,50.7,HF01170,facility_present_understaffed
W0512,Okezari,4392,666,60.3,HF01065,56.3,HF00949,facility_present_understaffed
W0435,Katlale,23654,3543,60.3,HF01202,51.3,HF00907,facility_present_understaffed
W0409,Zamzani,11084,1939,60.0,HF00868,36.2,HF00865,adequately_served
W0077,Hanbena,31884,5339,60.0,HF00173,56.8,HF00205,adequately_served
W0188,Wurnuri,14815,2666,60.0,HF00441,60.0,HF00441,adequately_served
W0348,Kukmatu,24631,4308,59.8,HF00489,59.8,HF00489,adequately_served
W0369,Tivyoyi,12654,2072,59.7,HF00722,59.7,HF00722,adequately_served
W0200,Jostiko,5416,870,59.6,HF00561,59.6,HF00561,adequately_served
W0303,Daidushi,50472,8119,59.4,HF00332,59.4,HF00332,adequately_served
W0390,Ibayoma,69599,11796,59.3,HF01214,55.2,HF01212,adequately_served
W0304,Nasbayi,12467,2031,59.3,HF00524,59.3,HF00524,adequately_served
W0416,Agbkoli,63483,11133,59.2,HF00713,57.5,HF00708,adequately_served
W0437,Katluko,10915,1803,59.2,HF01112,52.3,HF01115,adequately_served
W0220,Shabani,17795,2597,59.0,HF00582,36.6,HF00583,adequately_served
W0058,Tivsawo,22734,3595,58.8,HF00196,58.8,HF00196,adequately_served
W0441,Yobwani,26544,4449,58.7,HF01222,58.7,HF01222,adequately_served
W0531,Umuwako,38914,5813,58.6,HF01142,57.7,HF01138,adequately_served
W0102,Soktiri,35762,5287,58.5,HF00379,35.1,HF00377,adequately_served
W0456,Okebawo,65346,10973,58.4,HF01248,58.4,HF01248,adequately_served
W0363,Ibalana,67969,11837,58.3,HF00743,55.0,HF00745,adequately_served
W0494,Funnari,16774,2882,58.3,HF00966,58.3,HF00966,adequately_served
W0367,Nasjidu,29290,4270,58.1,HF00864,58.1,HF00864,adequately_served
W0580,Soktiba,41671,6786,57.9,HF01026,57.9,HF01026,adequately_served
W0249,Suplali,63555,11655,57.8,HF00295,57.8,HF00295,adequately_served
W0321,Katriwa,25144,4134,57.8,HF00635,38.6,HF00657,adequately_served
W0153,Eketsishi,37573,6676,57.7,HF00596,57.7,HF00596,adequately_served
W0349,Tivshana,9478,1571,57.7,HF00670,57.7,HF00670,adequately_served
W0619,Malludu,27464,5014,57.7,HF01294,57.7,HF01294,adequately_served
W0583,Yelwami,13065,1929,57.2,HF01311,57.2,HF01311,adequately_served
W0168,Shatsiru,30322,5296,57.2,HF00605,57.2,HF00605,adequately_served
W0599,Malsharu,47299,8059,57.0,HF01309,53.2,HF01307,adequately_served
W0015,Tamyowa,23194,4157,57.0,HF00047,45.2,HF00088,adequately_served
W0353,Malshana,66078,10499,57.0,HF00928,57.0,HF00928,adequately_served
W0335,Lokkona,27978,4874,56.8,HF00893,45.9,HF00896,adequately_served
W0059,Malrama,30305,5341,56.7,HF00409,56.7,HF00409,adequately_served
W0041,Dutkoko,41424,6836,56.7,HF00008,51.9,HF00072,adequately_served
W0071,Fundeyi,21672,3914,56.6,HF00079,45.2,HF00080,adequately_served
W0446,Shashafa,90801,14081,56.3,HF01248,56.3,HF01248,adequately_served
W0104,Irotsifa,12906,2081,56.3,HF00395,41.8,HF00397,adequately_served
W0611,Dairiwo,9132,1503,56.2,HF01294,49.8,HF01317,adequately_served
W0491,Sokmiwa,94379,13768,56.2,HF01205,56.2,HF01205,adequately_served
W0163,Bankoyi,9901,1780,56.2,HF00456,42.8,HF00115,adequately_served
W0118,Hanradu,31076,5386,56.1,HF00621,52.6,HF00628,adequately_served
W0396,Katmana,108552,18540,56.0,HF00727,41.5,HF00726,adequately_served
W0064,Hantside,10724,1649,56.0,HF00079,44.6,HF00080,adequately_served
W0135,Birnushi,25287,3918,55.8,HF00389,55.8,HF00389,adequately_served
W0334,Riyzama,28179,5032,55.8,HF00489,55.8,HF00489,adequately_served
W0352,Kukjino,238099,41681,55.5,HF00789,55.5,HF00789,adequately_served
W0343,Uzojiri,15430,2514,55.5,HF01077,38.1,HF01080,adequately_served
W0505,Riywashi,39119,5976,55.4,HF01262,44.1,HF01234,adequately_served
W0251,Yelzafa,64890,9790,55.3,HF00590,44.2,HF00591,adequately_served
W0388,Hanraru,36907,5874,55.2,HF00541,55.2,HF00541,adequately_served
W0312,Banrani,9841,1715,55.2,HF00635,35.9,HF00657,adequately_served
W0604,Okewari,19350,2906,54.8,HF01294,48.5,HF01317,adequately_served
W0359,Bansawa,27874,4691,54.8,HF00489,54.8,HF00489,adequately_served
W0328,Gwojishi,27906,4942,54.7,HF00912,54.7,HF00912,adequately_served
W0375,Zamwari,24345,4005,54.7,HF00670,54.7,HF00670,adequately_served
W0036,Baulako,70555,12960,54.5,HF00034,54.5,HF00034,adequately_served
W0176,Katwama,10539,1828,54.5,HF00559,33.7,HF00165,adequately_served
W0424,Olunumi,12678,2217,54.5,HF00856,54.5,HF00856,adequately_served
W0499,Loktsifa,25735,4035,54.4,HF00850,54.4,HF00850,adequately_served
W0603,Gwonuri,16351,2626,54.4,HF01311,50.1,HF01310,adequately_served
W0191,Riyriru,43656,6349,54.3,HF00249,54.3,HF00249,adequately_served
W0429,Birriwa,128118,19638,54.3,HF01218,54.3,HF01218,adequately_served
W0522,Dutluko,8488,1399,54.3,HF00850,54.3,HF00850,adequately_served
W0552,Riydewa,9433,1535,54.3,HF01142,53.4,HF01138,adequately_served
W0337,Okeluwo,60422,9242,54.3,HF00684,22.2,HF00640,adequately_served
W0095,Tamdumi,21185,3572,54.2,HF00196,54.2,HF00196,adequately_served
W0279,Kuklasa,57352,9814,54.1,HF00912,52.2,HF00467,adequately_served
W0283,Ekelusa,31819,5804,54.1,HF00332,54.1,HF00332,adequately_served
W0002,Wurshaba,78192,14179,53.9,HF00011,45.8,HF00010,adequately_served
W0294,Yeltiko,44690,6712,53.9,HF00499,53.9,HF00499,adequately_served
W0323,Uzojili,24087,4102,53.8,HF00486,52.6,HF00482,adequately_served
W0131,Agbtifa,12792,2262,53.7,HF00132,53.7,HF00132,adequately_served
W0300,Tivtimi,28943,4887,53.4,HF00655,47.0,HF00656,adequately_served
W0393,Yobkono,29872,5172,53.2,HF00723,43.6,HF00920,adequately_served
W0286,Riyridu,20150,3129,53.2,HF00908,53.2,HF00908,adequately_served
W0474,Tambawa,17532,2839,53.1,HF00847,53.1,HF00847,adequately_served
W0427,Katdeno,64470,9430,53.0,HF00713,51.3,HF00708,adequately_served
W0319,Wurlutu,38852,6166,53.0,HF00731,53.0,HF00731,adequately_served
W0365,Ibayoja,22597,3754,52.8,HF00642,26.5,HF00643,adequately_served
W0341,Umunuta,9135,1485,52.8,HF00490,52.8,HF00490,adequately_served
W0423,Agbriko,37321,5670,52.7,HF00542,52.7,HF00542,adequately_served
W0110,Ekeluwa,48374,8707,52.6,HF00124,34.8,HF00137,adequately_served
W0175,Zamnawo,21571,3190,52.6,HF00451,52.6,HF00451,adequately_served
W0445,Josrani,5035,872,52.4,HF00960,52.4,HF00960,adequately_served
W0291,Katnule,18324,2845,52.2,HF00659,52.2,HF00659,adequately_served
W0338,Nastino,15608,2729,52.2,HF00933,41.0,HF00925,adequately_served
W0358,Ekesasa,50681,9065,52.1,HF00787,52.1,HF00787,adequately_served
W0422,Adedede,20157,3104,52.0,HF00649,52.0,HF00649,adequately_served
W0043,Tivlana,49189,8230,51.8,HF00363,51.8,HF00363,adequately_served
W0230,Wurjino,21536,3377,51.8,HF00582,29.4,HF00583,adequately_served
W0022,Gwobedu,27132,4123,51.7,HF00029,21.2,HF00055,adequately_served
W0327,Suplashi,23202,4107,51.5,HF00881,50.9,HF00882,adequately_served
W0465,Gwokoma,9433,1447,51.4,HF00754,32.9,HF00809,adequately_served
W0468,Supmija,26377,3832,51.4,HF00825,51.4,HF00825,adequately_served
W0152,Iroketu,47082,7470,51.4,HF00242,41.6,HF00244,adequately_served
W0376,Yelwana,15857,2299,51.4,HF00541,51.4,HF00541,adequately_served
W0079,Uzotishi,82183,14985,51.3,HF00373,38.0,HF00374,adequately_served
W0134,Zammiwa,133322,22069,51.2,HF00239,31.0,HF00238,adequately_served
W0218,Ekebemi,17471,2847,50.9,HF00549,46.8,HF00548,adequately_served
W0215,Josmita,20812,3542,50.7,HF00578,33.1,HF00575,adequately_served
W0098,Lokderi,32820,5693,50.7,HF00112,50.7,HF00112,adequately_served
W0235,Olukoko,4374,786,50.5,HF00492,50.5,HF00492,adequately_served
W0514,Katraja,15368,2468,50.2,HF01266,50.2,HF01266,adequately_served
W0576,Kadtini,115814,17571,50.2,HF01282,50.2,HF01282,adequately_served
W0187,Kuktsini,159257,27738,50.0,HF00302,50.0,HF00302,adequately_served
W0442,Yobludu,28989,4322,49.9,HF00953,49.9,HF00953,adequately_served
W0148,Loksafa,8309,1490,49.7,HF00566,18.5,HF00569,adequately_served
W0504,Maljini,16052,2895,49.6,HF01180,26.7,HF01182,adequately_served
W0534,Bauyoyi,48359,8057,49.6,HF01142,32.8,HF01143,adequately_served
W0404,Kuknadu,28978,5337,49.4,HF00752,44.2,HF00750,adequately_served
W0475,Uzozafa,28734,5183,49.4,HF01260,49.4,HF01260,adequately_served
W0224,Uzoluwo,19272,2941,49.3,HF00445,49.3,HF00445,adequately_served
W0097,Kukjimi,19599,3474,49.3,HF00622,22.0,HF00199,adequately_served
W0419,Uzowadu,41644,7348,49.2,HF01218,49.2,HF01218,adequately_served
W0322,Hanluri,46058,7796,49.1,HF00633,27.7,HF00632,adequately_served
W0577,Daibano,37618,5539,49.1,HF01282,49.1,HF01282,adequately_served
W0518,Umuwari,91696,14631,49.0,HF01233,27.7,HF01234,adequately_served
W0021,Ekeluno,6698,1014,49.0,HF00068,49.0,HF00068,adequately_served
W0284,Okemishi,27389,4357,48.5,HF00675,48.5,HF00675,adequately_served
W0145,Gwokemi,30630,5641,48.5,HF00596,20.7,HF00628,adequately_served
W0620,Gwotsimi,28730,5267,48.4,HF01294,48.4,HF01294,adequately_served
W0272,Bannasa,6751,1232,48.3,HF00510,48.3,HF00510,adequately_served
W0156,Kuktidu,14559,2144,48.3,HF00388,41.5,HF00386,adequately_served
W0485,Kattino,14862,2524,48.2,HF00966,48.2,HF00966,adequately_served
W0005,Oludeli,6328,1113,48.1,HF00011,40.0,HF00010,adequately_served
W0266,Okeshali,39626,6456,48.1,HF00325,48.1,HF00325,adequately_served
W0520,Yelbeba,21297,3456,48.0,HF00795,48.0,HF00795,adequately_served
W0588,Kadsade,29096,5141,48.0,HF01309,44.1,HF01307,adequately_served
W0516,Dailutu,21865,3909,48.0,HF01263,39.0,HF01264,adequately_served
W0610,Ngejile,24367,4215,47.9,HF01322,47.9,HF01322,adequately_served
W0030,Olumadu,16521,2961,47.7,HF00074,47.7,HF00074,adequately_served
W0167,Ekewafa,44270,6729,47.7,HF00441,47.7,HF00441,adequately_served
W0264,Wurnude,52061,8286,47.5,HF00889,47.5,HF00889,adequately_served
W0386,Birngowa,14935,2697,47.2,HF00530,47.2,HF00530,adequately_served
W0506,Dairili,55806,9194,47.1,HF00850,47.1,HF00850,adequately_served
W0267,Okekede,18762,3202,47.1,HF00429,44.7,HF00425,adequately_served
W0068,Hanzami,39282,6477,46.9,HF00227,46.9,HF00227,adequately_served
W0345,Olulale,52073,9564,46.9,HF00524,38.3,HF00883,adequately_served
W0510,Tammawo,16593,2846,46.8,HF01085,46.8,HF01085,adequately_served
W0173,Enuzale,24688,3756,46.6,HF00596,46.6,HF00596,adequately_served
W0234,Hanbafa,30099,4494,46.3,HF00554,28.8,HF00555,adequately_served
W0443,Supngotu,34129,5714,46.1,HF00820,29.7,HF00817,adequately_served
W0155,Fundudu,13983,2234,46.1,HF00416,46.1,HF00416,adequately_served
W0282,Enunayi,98702,17568,46.0,HF00265,39.5,HF00735,adequately_served
W0415,Birbele,54096,9626,46.0,HF00816,39.4,HF00815,adequately_served
W0450,Birnuwa,188455,28202,46.0,HF01224,39.1,HF01223,adequately_served
W0216,Jossafa,95712,17461,45.9,HF00280,35.0,HF00283,adequately_served
W0033,Baukeshi,8576,1335,45.9,HF00029,45.9,HF00029,adequately_served
W0377,Kukwana,18654,3375,45.8,HF00900,45.8,HF00900,adequately_served
W0103,Kadjino,18151,3167,45.8,HF00384,45.8,HF00384,adequately_served
W0174,Ademano,6556,1094,45.7,HF00574,45.7,HF00574,adequately_served
W0207,Malkori,33013,5535,45.3,HF00445,45.3,HF00445,adequately_served
W0385,Duttiri,41492,7184,45.3,HF00531,44.7,HF00532,adequately_served
W0320,Enumitu,62751,9137,45.2,HF00737,45.2,HF00737,adequately_served
W0239,Daizaru,45948,7423,45.1,HF00281,39.5,HF00251,adequately_served
W0179,Yelrari,8241,1480,44.9,HF00468,44.9,HF00468,adequately_served
W0023,Sokdema,17448,3131,44.8,HF00061,44.8,HF00061,adequately_served
W0014,Maljiba,29801,4884,44.8,HF00068,44.8,HF00068,adequately_served
W0136,Oluketa,23296,4163,44.6,HF00384,44.6,HF00384,adequately_served
W0056,Okedeni,59574,8982,44.4,HF00196,44.4,HF00196,adequately_served
W0351,Duttsisa,20255,3577,44.2,HF00789,44.2,HF00789,adequately_served
W0541,Okenuko,25417,4015,44.0,HF01047,44.0,HF01047,adequately_served
W0233,Agbderu,7974,1468,43.9,HF00549,39.7,HF00548,adequately_served
W0223,Lokngoko,17616,2961,43.5,HF00445,43.5,HF00445,adequately_served
W0271,Oludude,9005,1362,42.5,HF00429,40.0,HF00425,adequately_served
W0072,Riysano,46190,8511,42.4,HF00171,42.4,HF00171,adequately_served
W0355,Uzosawo,81645,13881,42.4,HF00737,42.4,HF00737,adequately_served
W0387,Baunata,25729,4186,42.3,HF01093,14.8,HF00673,adequately_served
W0113,Supzaja,64114,10094,42.2,HF00112,42.2,HF00112,adequately_served
W0194,Enurita,14421,2192,42.2,HF00439,35.1,HF00442,adequately_served
W0483,Birjili,84992,12908,42.1,HF01260,42.1,HF01260,adequately_served
W0380,Josmako,12033,2078,42.0,HF00917,30.6,HF900919,adequately_served
W0481,Uzolaba,4200,653,42.0,HF00847,42.0,HF00847,adequately_served
W0392,Joslaru,36359,6175,41.9,HF01103,41.9,HF01103,adequately_served
W0311,Uzotsiru,17315,3078,41.6,HF00736,36.9,HF00733,adequately_served
W0129,Ibashadu,7693,1266,41.6,HF00352,33.9,HF00435,adequately_served
W0114,Baulutu,78092,11587,41.5,HF00384,41.5,HF00384,adequately_served
W0018,Wurjimi,19041,3508,41.4,HF00029,41.4,HF00029,adequately_served
W0525,Funzata,56220,8588,41.3,HF01268,41.3,HF01268,adequately_served
W0565,Dailaba,114547,20174,41.3,HF00984,41.3,HF00984,adequately_served
W0507,Zamnuno,52332,9100,41.0,HF01180,22.6,HF01138,adequately_served
W0560,Shatsiba,111681,18185,41.0,HF00984,27.3,HF00989,adequately_served
W0130,Okenawa,13430,2201,41.0,HF00213,36.8,HF00214,adequately_served
W0447,Agbngode,21622,3510,40.9,HF01113,40.9,HF01113,adequately_served
W0116,Tamdule,16627,2874,40.8,HF00207,40.8,HF00207,adequately_served
W0260,Banmiru,23563,4238,40.6,HF00463,40.6,HF00463,adequately_served
W0115,Yobzasa,27991,4785,40.5,HF00176,40.5,HF00176,adequately_served
W0366,Ngebana,9780,1757,40.3,HF00530,40.3,HF00530,adequately_served
W0024,Kadrani,17342,3202,40.2,HF00023,40.2,HF00023,adequately_served
W0490,Zamdena,23066,4084,39.8,HF00827,33.1,HF00830,adequately_served
W0400,Banzashi,6350,1159,39.8,HF01218,39.8,HF01218,adequately_served
W0562,Bandema,80909,13036,39.8,HF01048,39.8,HF01048,adequately_served
W0342,Ngemiyi,173629,27558,39.7,HF00787,39.7,HF00787,adequately_served
W0190,Katduna,19158,3251,39.6,HF00570,39.6,HF00570,adequately_served
W0425,Riynuna,4633,794,39.6,HF00954,39.6,HF00954,adequately_served
W0586,Kukngole,134710,24818,39.5,HF01026,39.5,HF01026,adequately_served
W0247,Daisale,54735,9229,39.5,HF00311,34.3,HF00291,adequately_served
W0061,Agbsatu,10883,1861,39.5,HF00172,39.5,HF00172,adequately_served
W0231,Funmidu,53205,8132,39.2,HF00587,39.2,HF00587,adequately_served
W0202,Sokmimi,27319,4807,39.1,HF00470,39.1,HF00470,adequately_served
W0597,Ngetiba,110138,16966,39.0,HF01026,39.0,HF01026,adequately_served
W0011,Lokngodu,36966,6524,38.9,HF00047,27.0,HF00088,adequately_served
W0040,Yelluna,30616,5479,38.5,HF00026,38.5,HF00026,adequately_served
W0042,Supnami,23375,4252,38.5,HF00008,33.7,HF00072,adequately_served
W0350,Ekenushi,24459,3750,38.3,HF00705,34.8,HF00701,adequately_served
W0313,Riymano,134531,24673,38.2,HF00782,38.2,HF00782,adequately_served
W0035,Baujimi,50218,8617,38.0,HF00181,38.0,HF00181,adequately_served
W0269,Shayona,39946,6008,37.2,HF00675,37.2,HF00675,adequately_served
W0509,Shazama,12703,2280,37.0,HF00968,20.1,HF00967,adequately_served
W0543,Ngeriba,14309,2466,37.0,HF01268,37.0,HF01268,adequately_served
W0329,Jostsita,13014,2007,36.9,HF00928,36.9,HF00928,adequately_served
W0544,Hantsishi,56022,8481,36.9,HF01072,36.9,HF01072,adequately_served
W0003,Josyole,21092,3247,36.9,HF00012,36.9,HF00012,adequately_served
W0593,Gwonale,25017,4616,36.8,HF01020,36.8,HF01020,adequately_served
W0414,Lokkode,67858,10432,36.7,HF00863,4.9,HF00866,adequately_served
W0248,Nasnayi,40002,6338,36.6,HF00463,36.6,HF00463,adequately_served
W0391,Kadbana,25752,4288,36.3,HF00864,36.3,HF00864,adequately_served
W0356,Daitisa,57444,8377,36.2,HF00789,36.2,HF00789,adequately_served
W0340,Ekengomi,17469,2663,35.9,HF00526,35.9,HF00526,adequately_served
W0557,Adetsita,19311,2946,35.8,HF01282,35.8,HF01282,adequately_served
W0256,Kadmaja,27456,4236,35.7,HF00419,33.1,HF00427,adequately_served
W0199,Ekekena,58641,9530,35.6,HF00608,21.2,HF00607,adequately_served
W0186,Adewadu,8052,1257,35.4,HF00574,35.4,HF00574,adequately_served
W0316,Tamduri,38124,5881,35.4,HF00876,14.9,HF00875,adequately_served
W0050,Dutmidu,17715,2644,35.3,HF00038,35.3,HF00038,adequately_served
W0591,Oluzana,15334,2253,35.3,HF01311,35.3,HF01311,adequately_served
W0440,Shaluja,42633,7718,34.9,HF01222,34.9,HF01222,adequately_served
W0299,Hanwano,32330,5418,34.8,HF00908,34.8,HF00908,adequately_served
W0606,Josmadu,68604,11731,34.8,HF01000,34.8,HF01000,adequately_served
W0278,Nasrari,5709,856,34.7,HF00889,34.7,HF00889,adequately_served
W0159,Dutsaba,12352,1824,34.5,HF00570,34.5,HF00570,adequately_served
W0537,Ngesana,9976,1799,34.5,HF00799,32.6,HF00800,adequately_served
W0596,Zamkoja,20075,3367,34.5,HF01002,34.5,HF01002,adequately_served
W0170,Dutkota,45234,6919,34.4,HF00302,34.4,HF00302,adequately_served
W0500,Riytsina,156842,28330,34.0,HF01260,34.0,HF01260,adequately_served
W0331,Daitsitu,66951,9983,33.9,HF00743,30.6,HF00745,adequately_served
W0613,Supdesa,23259,4191,33.9,HF01294,33.9,HF01294,adequately_served
W0302,Yeldena,31383,5194,33.8,HF00893,33.8,HF00893,adequately_served
W0547,Hanbeko,123248,20697,33.8,HF01047,33.8,HF01047,adequately_served
W0096,Malsana,44341,6921,33.7,HF00138,33.7,HF00138,adequately_served
W0453,Adetsidu,12736,1950,33.7,HF00825,33.7,HF00825,adequately_served
W0477,Funjiyi,23272,3790,33.1,HF01083,33.1,HF01083,adequately_served
W0084,Wurdesa,47436,8228,33.0,HF00122,31.4,HF00125,adequately_served
W0281,Tamngoba,37386,6750,32.7,HF00325,32.7,HF00325,adequately_served
W0141,Zamlani,57075,8559,32.5,HF00398,19.6,HF00412,adequately_served
W0161,Birwari,11243,1678,32.4,HF00158,30.5,HF00161,adequately_served
W0460,Ekenuno,36284,6257,31.5,HF01112,24.6,HF01115,adequately_served
W0210,Riyshawa,19364,2855,31.1,HF00605,31.1,HF00605,adequately_served
W0048,Kadbemi,32555,4893,30.7,HF00223,30.7,HF00223,adequately_served
W0039,Funngoli,24916,4111,30.7,HF00025,30.7,HF00025,adequately_served
W0382,Bantsiko,171413,27404,30.5,HF00776,30.5,HF00776,adequately_served
W0133,Oluyoko,15374,2340,30.4,HF00566,30.4,HF00566,adequately_served
W0308,Uzodumi,56649,8954,30.2,HF00731,30.2,HF00731,adequately_served
W0452,Adewano,7444,1244,30.2,HF00820,30.2,HF00820,adequately_served
W0027,Irobade,15603,2363,29.7,HF00219,29.7,HF00219,adequately_served
W0070,Zamkono,18303,2901,29.2,HF00196,29.2,HF00196,adequately_served
W0138,Banrija,26062,4715,28.7,HF00145,15.5,HF00144,adequately_served
W0028,Kuknuno,19120,3286,28.7,HF00058,28.7,HF00058,adequately_served
W0566,Wurtsiwa,219138,36978,28.2,HF01054,25.5,HF01056,adequately_served
W0332,Ibarima,5481,873,27.8,HF00524,27.8,HF00524,adequately_served
W0496,Baubama,19064,2843,27.6,HF01085,27.6,HF01085,adequately_served
W0412,Yelngomi,7116,1197,27.6,HF01094,27.6,HF01094,adequately_served
W0254,Eketiyi,8363,1463,27.6,HF00499,27.6,HF00499,adequately_served
W0561,Okedefa,12421,1910,27.4,HF01190,27.4,HF01190,adequately_served
W0361,Sokyowa,23511,3518,27.4,HF00667,27.4,HF00667,adequately_served
W0099,Dutmili,27064,4746,27.3,HF00345,27.3,HF00345,adequately_served
W0222,Yobbeko,22786,3829,27.1,HF00461,27.1,HF00461,adequately_served
W0502,Hantima,41236,6427,27.0,HF00833,27.0,HF00833,adequately_served
W0378,Katbaru,66556,9690,26.6,HF00722,26.6,HF00722,adequately_served
W0458,Agbmile,26016,4701,26.6,HF01083,26.6,HF01083,adequately_served
W0467,Suptini,29231,4332,26.6,HF01202,26.6,HF01202,adequately_served
W0368,Josmatu,16569,2532,26.2,HF00916,26.2,HF00916,adequately_served
W0259,Adejisa,122654,20400,26.1,HF00297,26.1,HF00297,adequately_served
W0489,Ngemili,6567,1121,25.3,HF00829,25.3,HF00829,adequately_served
W0147,Adenuru,12873,2145,25.2,HF00416,25.2,HF00416,adequately_served
W0214,Gwonade,322123,55173,24.3,HF00311,24.3,HF00311,adequately_served
W0402,Agbdeni,23171,4165,24.2,HF01107,24.2,HF01107,adequately_served
W0559,Lokrana,77390,13252,23.5,HF00988,23.5,HF00988,adequately_served
W0137,Funtsiwa,12133,2240,23.3,HF00132,23.3,HF00132,adequately_served
W0616,Ekejini,21152,3090,22.8,HF01294,22.8,HF01294,adequately_served
W0289,Tivbata,11737,1943,22.7,HF00547,22.7,HF00547,adequately_served
W0314,Yobnushi,36757,6093,21.8,HF00912,21.8,HF00912,adequately_served
W0065,Wurlawo,32751,5053,21.7,HF00227,21.7,HF00227,adequately_served
W0227,Kukngowa,14415,2543,21.3,HF00561,21.3,HF00561,adequately_served
W0602,Yelshama,59006,10631,20.6,HF01322,20.6,HF01322,adequately_served
W0185,Ekezali,60262,9549,20.6,HF00249,20.6,HF00249,adequately_served
W0029,Katzano,12718,2321,20.4,HF00004,20.4,HF00004,adequately_served
W0572,Kuknayi,61989,10091,20.3,HF01196,20.3,HF01196,adequately_served
W0546,Adesale,81668,14732,20.1,HF00982,20.1,HF00982,adequately_served
W0049,Nastili,23744,3918,19.9,HF00223,19.9,HF00223,adequately_served
W0399,Katduba,17739,2807,19.6,HF00649,19.6,HF00649,adequately_served
W0189,Katlano,209177,30640,19.0,HF00273,19.0,HF00273,adequately_served
W0073,Funzako,7985,1360,18.8,HF00359,18.8,HF00359,adequately_served
W0574,Gwodeja,19357,2979,18.1,HF01304,18.1,HF01304,adequately_served
W0336,Birmishi,27622,4470,12.6,HF00635,12.6,HF00635,adequately_served
W0255,Kukbeja,20506,3403,6.0,HF00499,6.0,HF00499,adequately_served
